Subj,Trial,Probe,Env,Env_Probe,Pk_Vel,travel_dur,Harvest_dur,Move_dur,Order,Reward,Reward_rate,grip_force,grip_force2,Probe2,Fml
1,1,0,0,0,0.273072298498046,NaN,10355,NaN,0,15,NaN,29.7737404296875,NaN,0,1
1,2,0,0,0,0.484957723187979,1555,3940,2195,0,13,0.00236578707916288,30.1544856282552,29.7737404296875,0,1
1,3,0,0,0,0.423572608588907,1125,5625,1760,0,13,0.00192592592592593,29.6496518377978,30.1544856282552,0,1
1,4,0,0,0,0.391772802340059,1055,4915,1340,0,13,0.00217755443886097,28.8537726594771,29.6496518377978,0,1
1,5,0,0,0,0.450906310565734,865,3490,1125,0,12,0.00275545350172216,30.2474659338257,28.8537726594771,0,1
1,6,0,0,0,0.560718896192879,825,4300,810,0,12,0.00234146341463415,29.724391454323,30.2474659338257,0,1
1,7,0,0,0,0.394962221726656,1160,4220,1545,0,13,0.00241635687732342,30.3829715056109,29.724391454323,0,1
1,8,0,0,0,0.427807901679397,970,4200,1365,0,12,0.002321083172147,30.2536629686571,30.3829715056109,0,1
1,9,0,0,0,0.430017363487856,1090,3295,1785,0,12,0.00273660205245154,30.3996356913249,30.2536629686571,0,1
1,10,0,0,0,0.420192791022693,1070,2775,1235,0,11,0.00286085825747724,31.0443954895898,30.3996356913249,0,1
1,11,0,0,0,0.362915264358965,1110,3500,1625,0,12,0.00260303687635575,29.9971402887408,31.0443954895898,0,1
1,12,0,0,0,0.437701192150737,985,3335,1165,0,11,0.0025462962962963,29.8316592617378,29.9971402887408,0,1
1,13,0,0,0,0.383348209863565,1075,3305,1000,0,12,0.00273972602739726,30.6932778008683,29.8316592617378,0,1
1,14,0,0,0,0.356795510522883,1205,3505,1470,0,12,0.00254777070063694,31.8267483103174,30.6932778008683,0,1
1,15,0,0,0,0.397312583771026,1105,3410,1080,0,12,0.0026578073089701,30.9349884060012,31.8267483103174,0,1
1,16,0,0,0,0.469995066328189,940,3890,1175,0,12,0.00248447204968944,31.1465121456044,30.9349884060012,0,1
1,17,0,0,0,0.437440413078386,965,2745,1380,0,11,0.00296495956873315,29.8058313110351,31.1465121456044,0,1
1,18,0,0,0,0.452643001036547,940,3370,860,0,12,0.00278422273781903,29.7742297562211,29.8058313110351,0,1
1,19,0,0,0,0.359831470227208,1095,3385,1440,0,12,0.00267857142857143,30.7401650676896,29.7742297562211,0,1
1,20,0,0,0,0.431997023207761,1135,3245,1195,0,11,0.00251141552511416,30.3545357196514,30.7401650676896,0,1
1,21,0,0,0,0.379801923904894,1155,3130,1330,0,12,0.00280046674445741,30.480141318185,30.3545357196514,1,1
1,22,0,0,0,0.406415868225321,1070,3420,1405,0,12,0.00267260579064588,30.8299890466398,30.480141318185,1,1
1,23,0,0,0,0.387099936116178,1180,3380,1240,0,12,0.00263157894736842,30.5778087711757,30.8299890466398,1,1
1,24,0,0,0,0.398983692371672,1135,2860,1145,0,11,0.00275344180225282,30.8946741415027,30.5778087711757,1,1
1,25,0,0,0,0.440119425810143,980,3155,955,0,11,0.0026602176541717,30.7509847848627,30.8946741415027,1,1
1,26,0,0,0,0.512484487929787,875,3100,1080,0,12,0.0030188679245283,30.0439502956993,30.7509847848627,0,1
1,27,0,0,0,0.378376291995958,1060,3545,970,0,12,0.00260586319218241,29.3844138793945,30.0439502956993,0,1
1,28,0,0,0,0.463946623547096,945,4025,1270,0,12,0.00241448692152917,30.2193741162776,29.3844138793945,0,1
1,29,0,0,0,0.333587320726795,1130,4340,825,0,13,0.00237659963436929,29.344577837594,30.2193741162776,0,1
1,30,0,0,0,NaN,NaN,NaN,NaN,0,NaN,NaN,NaN,29.344577837594,0,1
1,1,0,1,1,0.414983584789225,NaN,3125,NaN,0,11,NaN,32.3857151380058,NaN,0,1
1,2,0,1,1,0.691439967489482,795,3240,670,0,11,0.00272614622057001,30.1474594788632,32.3857151380058,0,1
1,3,0,1,1,0.679748731911987,1245,2995,1525,0,11,0.00259433962264151,29.8169713427734,30.1474594788632,0,1
1,4,0,1,1,0.568542663562744,770,2855,1090,0,11,0.00303448275862069,30.4801239365798,29.8169713427734,0,1
1,5,0,1,1,0.642785055457991,745,3270,1195,0,11,0.00273972602739726,29.9323819608033,30.4801239365798,0,1
1,6,0,1,1,0.704077929290522,1170,2875,1885,0,11,0.00271940667490729,29.5900535911984,29.9323819608033,0,1
1,7,0,1,1,0.658235979465859,720,2910,1085,0,11,0.00303030303030303,30.5900834173905,29.5900535911984,0,1
1,8,0,1,1,0.646632778860036,770,3150,850,0,11,0.00280612244897959,31.4758928379355,30.5900834173905,0,1
1,9,0,1,1,0.608558854551169,755,2655,815,0,11,0.0032258064516129,31.3190407522101,31.4758928379355,0,1
1,10,0,1,1,0.641541981211631,680,2820,1020,0,11,0.00314285714285714,32.5510361760233,31.3190407522101,0,1
1,11,0,1,1,0.657610895661691,635,2935,715,0,11,0.0030812324929972,31.0277837916783,32.5510361760233,0,1
1,12,0,1,1,0.64208127108307,670,3480,895,0,12,0.00289156626506024,31.3381608680057,31.0277837916783,0,1
1,13,0,1,1,0.649861121330358,655,3260,515,0,11,0.00280970625798212,30.0885421019199,31.3381608680057,0,1
1,14,0,1,1,0.710818427302483,570,2835,625,0,11,0.00323054331864905,29.0315199279785,30.0885421019199,0,1
1,15,0,1,1,0.620013876411352,680,2755,675,0,11,0.00320232896652111,31.0031459598265,29.0315199279785,0,1
1,16,0,1,1,0.553931839488425,730,2840,1085,0,11,0.0030812324929972,31.4008383870586,31.0031459598265,0,1
1,17,0,1,1,0.630192676265881,695,2795,635,0,10,0.00286532951289398,29.6031335449218,31.4008383870586,0,1
1,18,0,1,1,0.76718018480003,590,2285,630,0,10,0.00347826086956522,29.6985782326778,29.6031335449218,0,1
1,19,0,1,1,0.633215063965657,680,3150,745,0,12,0.0031331592689295,30.8504555160634,29.6985782326778,0,1
1,20,0,1,1,0.659142541061269,700,2810,590,0,11,0.00313390313390313,31.4143436205578,30.8504555160634,0,1
1,21,0,1,1,0.611578599052671,695,2525,635,0,10,0.0031055900621118,28.9523906217169,31.4143436205578,1,1
1,22,0,1,1,0.596451454676123,725,2980,730,0,11,0.00296896086369771,29.2909958504273,28.9523906217169,1,1
1,23,0,1,1,0.528417604194844,735,2620,820,0,11,0.00327868852459016,29.8473164469401,29.2909958504273,1,1
1,24,0,1,1,0.725352602053934,610,2610,540,0,11,0.00341614906832298,29.8100507723806,29.8473164469401,1,1
1,25,0,1,1,0.659770454416965,650,2275,775,0,10,0.00341880341880342,28.5687697898735,29.8100507723806,1,1
1,26,0,1,1,0.634511046466611,685,2560,690,0,10,0.00308166409861325,29.6941457076937,28.5687697898735,0,1
1,27,0,1,1,0.573734575066268,715,2595,755,0,10,0.00302114803625378,31.9686703444261,29.6941457076937,0,1
1,28,0,1,1,0.582000394223297,715,2865,535,0,11,0.00307262569832402,30.6520003695101,31.9686703444261,0,1
1,29,0,1,1,0.672818356320502,650,2730,985,0,11,0.00325443786982249,32.8398525359382,30.6520003695101,0,1
1,30,0,1,1,0.659110161135722,665,2275,925,0,9,0.00306122448979592,31.6617897813585,32.8398525359382,0,1
2,1,0,0,0,0.351775157211483,NaN,18995,NaN,1,16,NaN,33.2394594149103,NaN,0,1
2,2,0,0,0,0.220538360390995,2905,8580,-8530,1,14,0.00121898127993034,33.5630638254973,33.2394594149103,0,1
2,3,0,0,0,0.300887947551169,3885,12145,4590,1,15,0.000935745477230193,32.9753398216468,33.5630638254973,0,1
2,4,0,0,0,0.479921999953493,1220,3520,1785,1,12,0.00253164556962025,32.1111104035074,32.9753398216468,0,1
2,5,0,0,0,0.44543894242069,1050,3410,1180,1,12,0.00269058295964126,32.5871743349938,32.1111104035074,0,1
2,6,0,0,0,0.535022177762747,815,3410,995,1,12,0.00284023668639053,33.5930143726623,32.5871743349938,0,1
2,7,0,0,0,0.527176111489521,845,2815,1235,1,11,0.00300546448087432,30.367391652858,33.5930143726623,0,1
2,8,0,0,0,0.722466905874686,590,3340,640,1,12,0.00305343511450382,36.6819817668191,30.367391652858,0,1
2,9,0,0,0,0.752904283310987,1550,3450,1860,1,12,0.0024,32.9695332833275,36.6819817668191,0,1
2,10,0,0,0,0.865856159617195,505,2760,490,1,11,0.00336906584992343,35.4643437639067,32.9695332833275,0,1
2,11,0,0,0,0.792989308526586,1155,2655,1605,1,11,0.00288713910761155,31.6755757221423,35.4643437639067,1,1
2,12,0,0,0,0.865702098846314,555,2740,420,1,11,0.00333839150227618,35.2971978270595,31.6755757221423,1,1
2,13,0,0,0,0.815993839529825,570,3400,600,1,12,0.00302267002518892,37.0404063955522,35.2971978270595,1,1
2,14,0,0,0,0.970944502429379,475,2650,455,1,11,0.00352,40.6129810811705,37.0404063955522,1,1
2,15,0,0,0,0.864510556396965,520,3075,585,1,11,0.00305980528511822,36.0047080993652,40.6129810811705,1,1
2,16,0,0,0,0.846564716363341,530,3215,485,1,11,0.00293724966622163,37.8472310339886,36.0047080993652,0,1
2,17,0,0,0,0.879922344754106,1260,3505,1410,1,12,0.00251836306400839,35.3467311335289,37.8472310339886,0,1
2,18,0,0,0,1.04708183936581,430,3535,560,1,12,0.00302648171500631,35.6108188280009,35.3467311335289,0,1
2,19,0,0,0,0.930802112656017,995,2895,1090,1,11,0.00282776349614396,34.3453230106749,35.6108188280009,0,1
2,20,0,0,0,0.939775877851161,465,2765,370,1,10,0.00309597523219814,42.9288112973651,34.3453230106749,0,1
2,21,0,0,0,1.03207738092429,965,3410,1060,1,12,0.00274285714285714,36.2585249152121,42.9288112973651,1,1
2,22,0,0,0,1.07131393331258,420,2485,395,1,10,0.00344234079173838,38.1928344224064,36.2585249152121,1,1
2,23,0,0,0,1.01525176776056,450,2960,415,1,11,0.0032258064516129,36.9253691916763,38.1928344224064,1,1
2,24,0,0,0,1.07933921547956,415,3065,325,1,11,0.00316091954022989,40.6258046014146,36.9253691916763,1,1
2,25,0,0,0,0.991160187880626,920,3325,920,1,12,0.00282685512367491,39.1424296592736,40.6258046014146,1,1
2,26,0,0,0,0.999570357883291,940,3435,1055,1,12,0.00274285714285714,42.5232110604575,39.1424296592736,0,1
2,27,0,0,0,1.07262718450748,860,2320,955,1,10,0.00314465408805031,38.3511723567183,42.5232110604575,0,1
2,28,0,0,0,0.985897557414698,410,2440,315,1,10,0.00350877192982456,40.9155126091892,38.3511723567183,0,1
2,29,0,0,0,0.938344315063235,890,2870,990,1,11,0.00292553191489362,38.2290077063519,40.9155126091892,0,1
2,30,0,0,0,0.992328755406546,425,85,370,1,1,0.00196078431372549,37.7811538018121,38.2290077063519,0,1
2,1,0,1,1,0.423917835946616,NaN,3625,NaN,1,12,NaN,46.0891990060518,NaN,0,1
2,2,0,1,1,0.828320684201329,1205,3500,1240,1,12,0.00255047821466525,59.3850527714662,46.0891990060518,0,1
2,3,0,1,1,0.792360875931728,880,3490,905,1,12,0.00274599542334096,51.2775043781155,59.3850527714662,0,1
2,4,0,1,1,0.793762821043122,530,4710,415,1,13,0.00248091603053435,46.756370366765,51.2775043781155,0,1
2,5,0,1,1,0.722674194837564,1175,3450,1280,1,12,0.00259459459459459,44.2988547649466,46.756370366765,0,1
2,6,0,1,1,0.828987385118446,510,2900,415,1,11,0.0032258064516129,44.8305971885589,44.2988547649466,0,1
2,7,0,1,1,0.795496348056403,925,3560,835,1,12,0.00267558528428094,44.4533574660463,44.8305971885589,0,1
2,8,0,1,1,0.742490626441478,565,3370,415,1,12,0.00304955527318933,39.5890993824146,44.4533574660463,0,1
2,9,0,1,1,0.852211750586812,485,2060,535,1,9,0.00353634577603143,34.036083270574,39.5890993824146,0,1
2,10,0,1,1,0.785576449714147,545,2505,430,1,10,0.00327868852459016,42.8539845756136,34.036083270574,0,1
2,11,0,1,1,1.07331031839825,390,3235,485,1,11,0.00303448275862069,43.2218652362588,42.8539845756136,1,1
2,12,0,1,1,0.895559412207565,460,3470,335,1,12,0.00305343511450382,45.973794603087,43.2218652362588,1,1
2,13,0,1,1,0.825027945737747,510,3335,395,1,11,0.00286085825747724,34.3607000202476,45.973794603087,1,1
2,14,0,1,1,0.884378201914286,480,3400,350,1,11,0.00283505154639175,40.9024858848359,34.3607000202476,1,1
2,15,0,1,1,0.811563395303589,540,3375,585,1,12,0.00306513409961686,35.2786919850005,40.9024858848359,1,1
2,16,0,1,1,0.886716324571551,450,2435,355,1,10,0.00346620450606586,36.9607033563833,35.2786919850005,0,1
2,17,0,1,1,0.883767378136393,470,3025,400,1,11,0.00314735336194564,41.9922256751737,36.9607033563833,0,1
2,18,0,1,1,0.874452887343389,1020,630,905,1,5,0.00303030303030303,49.002345912663,41.9922256751737,0,1
2,19,0,1,1,0.775551442927669,920,3370,755,1,12,0.0027972027972028,44.0802236680773,49.002345912663,0,1
2,20,0,1,1,0.833289855703883,540,3345,405,1,11,0.00283140283140283,43.1881717839028,44.0802236680773,0,1
2,21,0,1,1,0.896225584349591,455,3230,490,1,11,0.00298507462686567,43.0880338010243,43.1881717839028,1,1
2,22,0,1,1,0.862599973317876,500,3545,490,1,12,0.00296662546353523,47.2120381469726,43.0880338010243,1,1
2,23,0,1,1,0.872866540356295,880,3505,810,1,12,0.00273660205245154,45.1044187922899,47.2120381469726,1,1
2,24,0,1,1,0.867166330451675,515,2725,380,1,11,0.00339506172839506,41.5188721485627,45.1044187922899,1,1
2,25,0,1,1,0.779753420338615,560,2930,690,1,11,0.00315186246418338,32.9750765434928,41.5188721485627,1,1
2,26,0,1,1,0.889459783774861,480,3535,385,1,12,0.00298879202988792,39.7313139179467,32.9750765434928,0,1
2,27,0,1,1,0.793113467428507,555,2840,635,1,11,0.003240058910162,37.4121717863971,39.7313139179467,0,1
2,28,0,1,1,0.836345846272297,495,2470,420,1,10,0.00337268128161889,38.7444384629991,37.4121717863971,0,1
2,29,0,1,1,0.805317275499969,540,2910,575,1,11,0.00318840579710145,35.4199639201614,38.7444384629991,0,1
2,30,0,1,1,0.816379456649844,505,3810,445,1,12,0.00278099652375435,39.5789609251632,35.4199639201614,0,1
3,1,0,0,0,0.318669668495165,NaN,2275,NaN,0,10,NaN,30.2530120220519,NaN,1,1
3,2,0,0,0,0.512852217903125,1055,2340,1215,0,10,0.00294550810014728,29.823618346257,30.2530120220519,1,1
3,3,0,0,0,0.475322561974801,920,2300,1590,0,10,0.0031055900621118,29.5254024295435,29.823618346257,1,1
3,4,0,0,0,0.569295187569262,745,2505,1145,0,10,0.00307692307692308,29.7398469926446,29.5254024295435,1,1
3,5,0,0,0,0.491863307633972,850,2375,880,0,10,0.00310077519379845,29.8627026097915,29.7398469926446,1,1
3,6,0,0,0,0.54451008572355,810,2320,1090,0,10,0.00319488817891374,29.3092554065335,29.8627026097915,0,1
3,7,0,0,0,0.524083975024196,840,2280,1300,0,10,0.00320512820512821,29.7334896074262,29.3092554065335,0,1
3,8,0,0,0,0.551183462957191,765,2405,1160,0,10,0.00315457413249211,29.7214781157308,29.7334896074262,0,1
3,9,0,0,0,0.51090089694855,810,2295,1355,0,10,0.00322061191626409,29.3403668969196,29.7214781157308,0,1
3,10,0,0,0,NaN,NaN,NaN,NaN,0,NaN,NaN,NaN,29.3403668969196,0,1
3,11,0,0,0,0.628342206854631,1530,2605,1310,0,10,0.00241837968561064,29.6944179858191,NaN,1,1
3,12,0,0,0,0.536027822406213,770,2710,970,0,11,0.00316091954022989,29.2309397705528,29.6944179858191,1,1
3,13,0,0,0,0.530850491936267,815,1610,955,0,8,0.00329896907216495,29.4789231981213,29.2309397705528,1,1
3,14,0,0,0,0.533243653654991,780,2265,1110,0,10,0.00328407224958949,29.2318966473147,29.4789231981213,1,1
3,15,0,0,0,0.53315752915531,810,2875,1105,0,11,0.00298507462686567,29.8309572283427,29.2318966473147,1,1
3,16,0,0,0,0.528213723286869,845,2070,1570,0,9,0.00308747855917667,29.6371804875753,29.8309572283427,0,1
3,17,0,0,0,0.508179227520631,870,3430,1240,0,12,0.0027906976744186,29.6599598438424,29.6371804875753,0,1
3,18,0,0,0,0.576464972055007,780,1770,920,0,9,0.00352941176470588,28.8254448242188,29.6599598438424,0,1
3,19,0,0,0,0.458923459020547,895,2015,970,0,9,0.00309278350515464,29.4830329970558,28.8254448242188,0,1
3,20,0,0,0,0.503472198021964,815,2785,1200,0,11,0.00305555555555556,29.6865030629148,29.4830329970558,0,1
3,21,0,0,0,0.496336202792783,845,2405,1195,0,10,0.00307692307692308,29.5168678223166,29.6865030629148,1,1
3,22,0,0,0,0.511936943884211,750,2750,1295,0,11,0.00314285714285714,29.2922281365645,29.5168678223166,1,1
3,23,0,0,0,0.525019046827846,760,1525,1030,0,8,0.00350109409190372,29.5578153143989,29.2922281365645,1,1
3,24,0,0,0,0.524404060368421,750,2840,1285,0,11,0.00306406685236769,29.3813227358853,29.5578153143989,1,1
3,25,0,0,0,0.460431952303978,910,1970,1130,0,9,0.003125,29.4756903400663,29.3813227358853,1,1
3,26,0,0,0,0.539022520284871,785,2810,1080,0,11,0.00305980528511822,29.8272811884228,29.4756903400663,0,1
3,27,0,0,0,0.493528526307404,860,2305,1060,0,10,0.00315955766192733,29.6891828409831,29.8272811884228,0,1
3,28,0,0,0,0.531299414643031,815,2770,825,0,11,0.00306834030683403,29.5180373469172,29.6891828409831,0,1
3,29,0,0,0,0.448346558343768,875,2535,970,0,10,0.00293255131964809,29.5626949712798,29.5180373469172,0,1
3,30,0,0,0,0.549267177371929,815,3630,1085,0,12,0.00269966254218223,29.9871601819402,29.5626949712798,0,1
3,1,0,1,1,0.257300417999642,NaN,19910,NaN,0,16,NaN,29.666724196214,NaN,1,1
3,2,0,1,1,0.345176144387705,1350,5350,2015,0,13,0.00194029850746269,29.5863525191164,29.666724196214,1,1
3,3,0,1,1,0.312364332676447,1460,5640,1680,0,13,0.00183098591549296,29.7378790991405,29.5863525191164,1,1
3,4,0,1,1,0.439275605673286,955,4770,1485,0,13,0.0022707423580786,29.6055881207052,29.7378790991405,1,1
3,5,0,1,1,0.346714162049854,1295,4185,1805,0,12,0.00218978102189781,29.7834478439295,29.6055881207052,1,1
3,6,0,1,1,0.389415934985331,1085,5465,1875,0,13,0.00198473282442748,29.6238103227075,29.7834478439295,0,1
3,7,0,1,1,0.382290964110831,995,3425,1475,0,12,0.00271493212669683,29.8012379113022,29.6238103227075,0,1
3,8,0,1,1,0.430606708917036,940,3570,1260,0,12,0.00266075388026608,29.6459037710336,29.8012379113022,0,1
3,9,0,1,1,0.404042783381233,1010,3580,1385,0,12,0.00261437908496732,29.2622129296126,29.6459037710336,0,1
3,10,0,1,1,0.460339756949052,885,3960,1060,0,12,0.00247678018575851,29.3050235497285,29.2622129296126,0,1
3,11,0,1,1,0.410226871385647,1020,5575,1415,0,13,0.00197119029567854,29.5149154116176,29.3050235497285,1,1
3,12,0,1,1,0.476738215942647,860,3415,1280,0,12,0.00280701754385965,29.7255671656202,29.5149154116176,1,1
3,13,0,1,1,0.40283367045541,1005,4255,1280,0,13,0.00247148288973384,29.3420946964394,29.7255671656202,1,1
3,14,0,1,1,0.468924778942791,860,4240,1590,0,12,0.00235294117647059,29.6319248823686,29.3420946964394,1,1
3,15,0,1,1,0.44110308451764,920,3635,1435,0,12,0.0026344676180022,29.5058098426233,29.6319248823686,1,1
3,16,0,1,1,0.424762840077516,935,3625,1470,0,12,0.00263157894736842,29.6045181459369,29.5058098426233,0,1
3,17,0,1,1,0.38267181025127,1020,4335,1745,0,13,0.00242763772175537,29.5415384157242,29.6045181459369,0,1
3,18,0,1,1,0.419484812644454,950,4150,1565,0,12,0.00235294117647059,29.2762525765503,29.5415384157242,0,1
3,19,0,1,1,0.440018544509279,930,3635,1205,0,12,0.00262869660460022,29.7385510840783,29.2762525765503,0,1
3,20,0,1,1,0.427133863998476,960,3780,1985,0,12,0.00253164556962025,29.4510374709795,29.7385510840783,0,1
3,21,0,1,1,0.405939406316385,955,3550,1160,0,12,0.00266370699223085,29.7452317979601,29.4510374709795,1,1
3,22,0,1,1,0.480541753892078,860,4350,1875,0,13,0.00249520153550864,29.3354142129157,29.7452317979601,1,1
3,23,0,1,1,0.383662518089039,1045,4945,1705,0,13,0.00217028380634391,29.5912729209251,29.3354142129157,1,1
3,24,0,1,1,0.460740212869639,915,2465,1690,0,10,0.0029585798816568,29.640051551232,29.5912729209251,1,1
3,25,0,1,1,0.42178837363807,945,3605,1610,0,12,0.00263736263736264,29.3375567457881,29.640051551232,1,1
3,26,0,1,1,0.421731378638597,970,5235,1740,0,13,0.00209508460918614,29.3289613365581,29.3375567457881,0,1
3,27,0,1,1,0.455728543843126,955,4160,1945,0,12,0.00234604105571848,29.8209836969456,29.3289613365581,0,1
3,28,0,1,1,0.425093887045427,940,4355,1410,0,13,0.00245514636449481,29.7361116966248,29.8209836969456,0,1
3,29,0,1,1,0.477790782828037,860,3780,1300,0,12,0.00258620689655172,29.1950294250731,29.7361116966248,0,1
3,30,0,1,1,0.431053913159019,970,3080,2275,0,11,0.00271604938271605,29.6336941325529,29.1950294250731,0,1
4,1,0,0,0,0.288602394113396,NaN,5765,NaN,1,13,NaN,38.6451242991006,NaN,1,1
4,2,0,0,0,0.363128257605246,2570,3840,1030,1,12,0.00187207488299532,31.4014707797181,38.6451242991006,1,1
4,3,0,0,0,0.320093186318127,1600,3660,1270,1,12,0.00228136882129278,30.2544236257847,31.4014707797181,1,1
4,4,0,0,0,0.437347064318764,1355,4515,760,1,13,0.00221465076660988,31.9308350642382,30.2544236257847,1,1
4,5,0,0,0,0.336875763061138,1790,6020,4655,1,14,0.00179257362355954,32.2430558256411,31.9308350642382,1,1
4,6,0,0,0,0.394862316406971,1055,4690,1035,1,13,0.00226283724978242,32.798249590369,32.2430558256411,0,1
4,7,0,0,0,0.390902138108211,1115,4690,1045,1,13,0.00223944875107666,29.963383606412,32.798249590369,0,1
4,8,0,0,0,0.51116341389372,905,5715,1220,1,13,0.00196374622356495,31.1065628814697,29.963383606412,0,1
4,9,0,0,0,0.463104815942891,925,4645,1255,1,13,0.00233393177737881,30.2612888052335,31.1065628814697,0,1
4,10,0,0,0,0.489022656653595,930,4670,905,1,13,0.00232142857142857,30.5930533447266,30.2612888052335,0,1
4,11,0,0,0,0.500486098189636,835,4615,1400,1,13,0.00238532110091743,31.3974542236329,30.5930533447266,1,1
4,12,0,0,0,0.551127435119366,795,4955,1040,1,13,0.00226086956521739,31.0950889895039,31.3974542236329,1,1
4,13,0,0,0,0.500690580333095,800,4550,1440,1,13,0.00242990654205607,29.8778687709301,31.0950889895039,1,1
4,14,0,0,0,0.631280119732742,795,4635,730,1,13,0.00239410681399632,30.6364089551465,29.8778687709301,1,1
4,15,0,0,0,0.557814622148844,780,5055,840,1,14,0.00239931448157669,30.7313454976747,30.6364089551465,1,1
4,16,0,0,0,0.651714430206952,665,5110,775,1,14,0.00242424242424242,30.8611524684714,30.7313454976747,0,1
4,17,0,0,0,0.545543156617145,735,4685,815,1,13,0.00239852398523985,30.3766578241605,30.8611524684714,0,1
4,18,0,0,0,0.661438095229533,625,4560,800,1,13,0.00250723240115718,30.414776552499,30.3766578241605,0,1
4,19,0,0,0,0.59716416858898,710,4650,840,1,13,0.00242537313432836,30.7629433997592,30.414776552499,0,1
4,20,0,0,0,0.74141686334233,590,6165,630,1,14,0.00207253886010363,30.9377119022908,30.7629433997592,0,1
4,21,0,0,0,0.638142337040131,710,5695,655,1,14,0.00218579234972678,30.9545972708306,30.9377119022908,1,1
4,22,0,0,0,0.698976499648737,630,5715,905,1,14,0.00220646178092987,30.5110404230193,30.9545972708306,1,1
4,23,0,0,0,0.632493147713317,735,6025,1065,1,14,0.00207100591715976,30.8521032517466,30.5110404230193,1,1
4,24,0,0,0,0.672540592533014,630,6210,930,1,14,0.00204678362573099,29.9991733498769,30.8521032517466,1,1
4,25,0,0,0,0.640271812860698,680,6070,960,1,14,0.00207407407407407,30.4495558097431,29.9991733498769,1,1
4,26,0,0,0,0.63123637552511,640,6210,725,1,14,0.00204379562043796,30.924224178348,30.4495558097431,0,1
4,27,0,0,0,0.603636254756592,700,6000,770,1,14,0.00208955223880597,30.4245321393549,30.924224178348,0,1
4,28,0,0,0,0.668663470783218,635,6130,965,1,14,0.00206947524020695,30.892119204794,30.4245321393549,0,1
4,29,0,0,0,0.627227324065147,705,6220,1015,1,14,0.00202166064981949,29.8065581932221,30.892119204794,0,1
4,30,0,0,0,0.805663902567055,555,5035,625,1,13,0.00232558139534884,30.9734029727512,29.8065581932221,0,1
4,1,0,1,1,0.342079971199755,NaN,6070,NaN,1,14,NaN,30.8538102193448,NaN,1,1
4,2,0,1,1,0.615780271366736,685,6135,845,1,14,0.00205278592375367,32.8815696040349,30.8538102193448,1,1
4,3,0,1,1,0.573845888983641,705,5980,825,1,14,0.00209424083769634,30.8176605760005,32.8815696040349,1,1
4,4,0,1,1,0.628553867878847,645,6100,580,1,14,0.00207561156412157,32.1851463908977,30.8176605760005,1,1
4,5,0,1,1,0.540228738660341,780,5930,940,1,14,0.00208643815201192,29.7738276961599,32.1851463908977,1,1
4,6,0,1,1,0.706324761818293,605,6090,640,1,14,0.00209111277072442,31.0664761184805,29.7738276961599,0,1
4,7,0,1,1,0.530394310445661,715,5910,1050,1,14,0.00211320754716981,30.285612207898,31.0664761184805,0,1
4,8,0,1,1,0.672028524138213,605,6345,475,1,14,0.00201438848920863,31.3605348501131,30.285612207898,0,1
4,9,0,1,1,0.577475561547606,670,6185,750,1,14,0.00204230488694384,29.4838698236468,31.3605348501131,0,1
4,10,0,1,1,0.580535046289797,715,6120,745,1,14,0.00204828090709583,29.5166044956752,29.4838698236468,0,1
4,11,0,1,1,0.557305106825224,745,4580,705,1,13,0.00244131455399061,29.4507660704169,29.5166044956752,1,1
4,12,0,1,1,0.580431291342188,720,6060,625,1,14,0.00206489675516224,30.0106233671964,29.4507660704169,1,1
4,13,0,1,1,0.562852292436784,745,6235,790,1,14,0.00200573065902579,29.9037062454224,30.0106233671964,1,1
4,14,0,1,1,0.603999187629523,730,7905,835,1,14,0.00162130862767805,30.3346435978982,29.9037062454224,1,1
4,15,0,1,1,0.647842941124407,685,6050,1135,1,14,0.00207869339272457,29.8890686881887,30.3346435978982,1,1
4,16,0,1,1,0.529094832220871,735,6190,895,1,14,0.00202166064981949,30.5715236547438,29.8890686881887,0,1
4,17,0,1,1,0.541249621788964,775,5345,945,1,13,0.00212418300653595,29.575019370391,30.5715236547438,0,1
4,18,0,1,1,0.629382211428065,665,8570,565,1,14,0.00151597184623714,30.8016169059909,29.575019370391,0,1
4,19,0,1,1,0.532623323051425,745,7255,920,1,14,0.00175,29.6831303914388,30.8016169059909,0,1
4,20,0,1,1,0.554997163058852,730,4895,660,1,13,0.00231111111111111,29.9077112470355,29.6831303914388,0,1
4,21,0,1,1,0.577295529585529,685,6420,610,1,14,0.00197044334975369,31.0991796537763,29.9077112470355,1,1
4,22,0,1,1,0.629030056651132,655,6140,620,1,14,0.00206033848417954,30.159636867638,31.0991796537763,1,1
4,23,0,1,1,0.657151494413844,630,5615,720,1,13,0.00208166533226581,29.5488878455111,30.159636867638,1,1
4,24,0,1,1,0.609435869143952,655,4640,750,1,13,0.00245514636449481,30.1640337142698,29.5488878455111,1,1
4,25,0,1,1,0.617980086115767,690,7080,915,1,14,0.0018018018018018,29.974432964325,30.1640337142698,1,1
4,26,0,1,1,0.662411200012404,635,6115,800,1,14,0.00207407407407407,30.7988565831402,29.974432964325,0,1
4,27,0,1,1,0.647631696804717,630,5955,660,1,14,0.00212604403948368,29.8491628531641,30.7988565831402,0,1
4,28,0,1,1,0.656903558165498,600,6765,700,1,14,0.00190088255261371,30.7751773066782,29.8491628531641,0,1
4,29,0,1,1,0.588060705055266,665,7420,1040,1,14,0.00173160173160173,29.657875257704,30.7751773066782,0,1
4,30,0,1,1,0.620531611156419,640,6020,730,1,14,0.0021021021021021,31.5496787570305,29.657875257704,0,1
5,1,0,0,0,0.366940013077111,NaN,2075,NaN,1,9,NaN,36.032951972668,NaN,1,1
5,2,0,0,0,0.62881313130818,855,2975,1200,1,11,0.00287206266318538,39.674282489751,36.032951972668,1,1
5,3,0,0,0,0.538823629068285,890,3195,960,1,11,0.00269277845777234,39.6172120094299,39.674282489751,1,1
5,4,0,0,0,0.623180747027738,755,3825,765,1,12,0.00262008733624454,35.0007338792288,39.6172120094299,1,1
5,5,0,0,0,0.590503942810007,760,4570,855,1,13,0.0024390243902439,33.3155056292424,35.0007338792288,1,1
5,6,0,0,0,0.66523558877179,710,4665,900,1,13,0.00241860465116279,30.3497730825289,33.3155056292424,0,1
5,7,0,0,0,0.551951554017229,885,4235,1120,1,12,0.00234375,32.837867851977,30.3497730825289,0,1
5,8,0,0,0,0.496402646457079,930,3120,760,1,11,0.00271604938271605,31.1344382597656,32.837867851977,0,1
5,9,0,0,0,0.517420328612722,895,4245,905,1,12,0.00233463035019455,32.4040072186241,31.1344382597656,0,1
5,10,0,0,0,0.590073061791242,720,3665,660,1,12,0.00273660205245154,31.2970618199653,32.4040072186241,0,1
5,11,0,0,0,0.55090095896772,740,3670,830,1,12,0.00272108843537415,34.1220369720459,31.2970618199653,1,1
5,12,0,0,0,0.537646703983965,860,4505,1000,1,13,0.00242311276794035,34.5842649729658,34.1220369720459,1,1
5,13,0,0,0,0.500925052134573,830,4985,1000,1,13,0.00223559759243336,30.1546547741837,34.5842649729658,1,1
5,14,0,0,0,0.562264824795131,825,4240,965,1,12,0.00236920039486673,30.2988864218416,30.1546547741837,1,1
5,15,0,0,0,0.592997369371702,720,4880,625,1,13,0.00232142857142857,30.057110091554,30.2988864218416,1,1
5,16,0,0,0,0.642014553701673,735,3945,1080,1,12,0.00256410256410256,30.2111995471037,30.057110091554,0,1
5,17,0,0,0,0.589056478589512,680,3840,655,1,12,0.00265486725663717,33.4675750828885,30.2111995471037,0,1
5,18,0,0,0,0.616454980506469,695,3635,590,1,12,0.00277136258660508,32.4538747347318,33.4675750828885,0,1
5,19,0,0,0,0.533120371060869,810,3855,1230,1,12,0.00257234726688103,32.3369980522511,32.4538747347318,0,1
5,20,0,0,0,0.53635947509288,800,4130,665,1,12,0.00243407707910751,34.5636177153397,32.3369980522511,0,1
5,21,0,0,0,0.569021550469491,695,4315,575,1,12,0.00239520958083832,32.5308699452435,34.5636177153397,1,1
5,22,0,0,0,0.499049502253141,840,4365,1215,1,13,0.00249759846301633,34.8800108438662,32.5308699452435,1,1
5,23,0,0,0,0.506563225445535,800,4430,685,1,13,0.00248565965583174,30.7158574813275,34.8800108438662,1,1
5,24,0,0,0,0.575603390929475,750,40,680,1,1,0.00126582278481013,28.2143857828776,30.7158574813275,1,1
5,25,0,0,0,0.598927300710435,560,4235,985,1,12,0.00250260688216893,31.4363640616075,28.2143857828776,1,1
5,26,0,0,0,0.633124281181612,745,4440,985,1,13,0.00250723240115718,29.8961264446589,31.4363640616075,0,1
5,27,0,0,0,0.516098634843418,785,3515,1090,1,11,0.00255813953488372,29.0742070478274,29.8961264446589,0,1
5,28,0,0,0,0.580213037279842,810,4360,760,1,13,0.00251450676982592,31.3033071305448,29.0742070478274,0,1
5,29,0,0,0,0.590157960301047,750,3200,770,1,11,0.00278481012658228,30.9194499989716,31.3033071305448,0,1
5,30,0,0,0,NaN,NaN,NaN,NaN,1,NaN,NaN,NaN,30.9194499989716,0,1
5,1,0,1,1,0.315573411859472,NaN,5185,NaN,1,13,NaN,30.5082332621348,NaN,1,1
5,2,0,1,1,0.462373172865765,1515,2760,1240,1,10,0.00233918128654971,30.4136529772025,30.5082332621348,1,1
5,3,0,1,1,0.451757314332803,930,2180,1395,1,10,0.00321543408360129,29.8762812703916,30.4136529772025,1,1
5,4,0,1,1,0.440388153936524,1070,2250,1680,1,10,0.00301204819277108,29.3443910158993,29.8762812703916,1,1
5,5,0,1,1,0.470533631119956,930,2075,1360,1,9,0.00299500831946755,30.5338357734114,29.3443910158993,1,1
5,6,0,1,1,0.44569714568956,980,1805,1080,1,9,0.00323159784560144,30.1421912396679,30.5338357734114,0,1
5,7,0,1,1,0.399038118828277,1080,1555,995,1,8,0.00303605313092979,29.3944978841146,30.1421912396679,0,1
5,8,0,1,1,0.4452335477123,955,1725,1035,1,9,0.00335820895522388,29.4836815259635,29.3944978841146,0,1
5,9,0,1,1,0.518665309612822,810,1935,875,1,9,0.00327868852459016,30.3474119649131,29.4836815259635,0,1
5,10,0,1,1,0.469017017595589,925,1405,1310,1,8,0.00343347639484979,30.5605646942355,30.3474119649131,0,1
5,11,0,1,1,0.423978842007641,960,1265,1535,1,7,0.00314606741573034,29.5181868954155,30.5605646942355,1,1
5,12,0,1,1,0.485297183177014,955,1235,1575,1,7,0.00319634703196347,29.6195303883272,29.5181868954155,1,1
5,13,0,1,1,0.421592136790978,960,1450,1015,1,8,0.0033195020746888,29.4176260952769,29.6195303883272,1,1
5,14,0,1,1,0.436350679266648,965,1650,810,1,9,0.00344168260038241,31.5042039429817,29.4176260952769,1,1
5,15,0,1,1,0.473287518506581,910,1875,980,1,8,0.00287253141831239,29.8225449014605,31.5042039429817,1,1
5,16,0,1,1,0.485216159380629,995,1840,1055,1,9,0.00317460317460317,29.6694802897797,29.8225449014605,0,1
5,17,0,1,1,0.46184109702385,890,1460,1490,1,8,0.00340425531914894,30.118722202965,29.6694802897797,0,1
5,18,0,1,1,0.465622323707044,885,1480,730,1,8,0.00338266384778013,29.7252222809968,30.118722202965,0,1
5,19,0,1,1,0.428644035254244,995,1970,800,1,9,0.003035413153457,30.3675666062375,29.7252222809968,0,1
5,20,0,1,1,0.42287050830843,955,1465,1760,1,8,0.00330578512396694,30.918628699893,30.3675666062375,0,1
5,21,0,1,1,0.46267087818636,840,1555,1045,1,8,0.00334029227557411,29.3012602155636,30.918628699893,1,1
5,22,0,1,1,0.435015903458654,1010,1545,1040,1,8,0.00313111545988258,30.5654068977602,29.3012602155636,1,1
5,23,0,1,1,0.43019513313864,915,1470,690,1,8,0.00335429769392034,30.4452442564883,30.5654068977602,1,1
5,24,0,1,1,0.437462530294934,1030,1385,670,1,8,0.00331262939958592,31.4732512791037,30.4452442564883,1,1
5,25,0,1,1,0.374012020519909,1075,1795,1010,1,9,0.00313588850174216,30.1379722154406,31.4732512791037,1,1
5,26,0,1,1,0.410419941800779,1050,1605,1050,1,8,0.00301318267419962,30.0669409179687,30.1379722154406,0,1
5,27,0,1,1,0.423212582713493,955,1565,910,1,8,0.00317460317460317,30.1994227940262,30.0669409179687,0,1
5,28,0,1,1,0.488376455373162,855,1515,850,1,8,0.00337552742616034,31.4696385795191,30.1994227940262,0,1
5,29,0,1,1,0.384450408705042,1040,2095,880,1,10,0.00318979266347687,30.7070647379557,31.4696385795191,0,1
5,30,0,1,1,0.398041163132604,1015,3715,945,1,11,0.00232558139534884,31.0289631279022,30.7070647379557,0,1
6,1,0,0,0,0.156767073121773,NaN,22500,NaN,0,16,NaN,40.5562301565141,NaN,1,1
6,2,0,0,0,0.2743531751312,2375,4490,3300,0,13,0.00189366351056082,29.7654026663742,40.5562301565141,1,1
6,3,0,0,0,0.328343077906503,1450,4665,1700,0,13,0.00212591986917416,30.2435755304584,29.7654026663742,1,1
6,4,0,0,0,0.340406083483529,1430,3980,1675,0,12,0.0022181146025878,30.4450181953112,30.2435755304584,1,1
6,5,0,0,0,0.522879810113028,1000,3635,1490,0,12,0.00258899676375405,31.3341335120568,30.4450181953112,1,1
6,6,0,0,0,0.451802215293475,1195,3595,910,0,12,0.00250521920668058,29.488461019728,31.3341335120568,0,1
6,7,0,0,0,0.492233284682526,910,4575,855,0,13,0.00237010027347311,30.3022789454564,29.488461019728,0,1
6,8,0,0,0,0.642714451434677,890,3565,1550,0,12,0.00269360269360269,31.3224346086091,30.3022789454564,0,1
6,9,0,0,0,0.476398802672382,890,3535,1200,0,12,0.00271186440677966,30.7281118429583,31.3224346086091,0,1
6,10,0,0,0,0.491418943300491,955,3370,1245,0,12,0.00277456647398844,30.726065738028,30.7281118429583,0,1
6,11,0,0,0,0.547536640971693,800,3600,1345,0,12,0.00272727272727273,30.7271768158848,30.726065738028,1,1
6,12,0,0,0,0.652042969288451,835,4640,995,0,11,0.00200913242009132,30.3578656587839,30.7271768158848,1,1
6,13,0,0,0,0.541135148573182,780,4430,550,0,13,0.00249520153550864,30.0136527421643,30.3578656587839,1,1
6,14,0,0,0,0.589921855650592,745,4220,1220,0,12,0.00241691842900302,31.1993403724806,30.0136527421643,1,1
6,15,0,0,0,0.573486092294199,850,4385,1555,0,13,0.00248328557784145,30.4955987034409,31.1993403724806,1,1
6,16,0,0,0,0.616937202830625,840,5020,1365,0,13,0.00221843003412969,29.8513877017232,30.4955987034409,0,1
6,17,0,0,0,0.632215257921918,705,5090,915,0,13,0.00224331320103538,32.6798146477906,29.8513877017232,0,1
6,18,0,0,0,0.646640429734204,705,4400,710,0,13,0.00254652301665034,33.1264074582329,32.6798146477906,0,1
6,19,0,0,0,0.607761657160039,750,4585,1085,0,13,0.00243673851921275,30.2397530948415,33.1264074582329,0,1
6,20,0,0,0,0.708158733123558,650,4360,630,0,13,0.00259481037924152,31.2245505589226,30.2397530948415,0,1
6,21,0,0,0,0.599708716266922,775,4355,975,0,13,0.00253411306042885,29.189229209171,31.2245505589226,1,1
6,22,0,0,0,0.6229265027266,775,4255,820,0,12,0.00238568588469185,30.286897837321,29.189229209171,1,1
6,23,0,0,0,0.616762073956713,750,4865,1410,0,13,0.00231522707034728,30.1809263937184,30.286897837321,1,1
6,24,0,0,0,0.673483153732693,620,4640,785,0,13,0.00247148288973384,33.5424224643276,30.1809263937184,1,1
6,25,0,0,0,NaN,NaN,NaN,NaN,0,NaN,NaN,NaN,33.5424224643276,1,1
6,26,0,0,0,0.779066255014943,2220,7695,955,0,14,0.00141200201714574,30.4506264953613,NaN,0,1
6,27,0,0,0,0.563205786269747,780,5035,1370,0,13,0.00223559759243336,33.8267209498088,30.4506264953613,0,1
6,28,0,0,0,0.688565144056598,650,3905,765,0,12,0.0026344676180022,29.8735551081899,33.8267209498088,0,1
6,29,0,0,0,0.763105611892615,600,3650,915,0,12,0.00282352941176471,30.3740783724804,29.8735551081899,0,1
6,30,0,0,0,0.63837611685808,700,5965,830,0,13,0.00195048762190548,29.5127662150065,30.3740783724804,0,1
6,1,0,1,1,0.254826410314039,NaN,2965,NaN,0,11,NaN,35.9797860830802,NaN,1,1
6,2,0,1,1,0.524279795569208,840,2660,710,0,11,0.00314285714285714,31.7949305344344,35.9797860830802,1,1
6,3,0,1,1,0.569426618953104,700,2590,515,0,10,0.00303951367781155,33.5925036738695,31.7949305344344,1,1
6,4,0,1,1,0.509839875300708,815,3475,680,0,12,0.0027972027972028,31.1952532958984,33.5925036738695,1,1
6,5,0,1,1,0.574142133568861,1265,2895,1400,0,11,0.00264423076923077,31.7174957612136,31.1952532958984,1,1
6,6,0,1,1,0.604762531205974,685,3170,595,0,11,0.00285343709468223,32.0520820119121,31.7174957612136,0,1
6,7,0,1,1,0.530518910044211,785,2030,635,0,9,0.00319715808170515,42.7550977387299,32.0520820119121,0,1
6,8,0,1,1,0.570502967624463,705,2460,570,0,10,0.00315955766192733,32.6175253487794,42.7550977387299,0,1
6,9,0,1,1,0.586972393033239,680,2925,690,0,11,0.00305131761442441,34.9560171675438,32.6175253487794,0,1
6,10,0,1,1,0.590938202646532,660,3455,670,0,12,0.00291616038882139,42.2371946592827,34.9560171675438,0,1
6,11,0,1,1,0.494131051004339,900,3330,910,0,12,0.00283687943262411,35.3280927977784,42.2371946592827,1,1
6,12,0,1,1,0.605029663793965,665,3380,795,0,12,0.00296662546353523,33.9587233068108,35.3280927977784,1,1
6,13,0,1,1,0.580627183925092,1100,3275,1310,0,11,0.00251428571428571,32.3652210747324,33.9587233068108,1,1
6,14,0,1,1,0.523554094585684,830,3275,1265,0,11,0.00267965895249696,32.6545351828599,32.3652210747324,1,1
6,15,0,1,1,0.539995747865522,795,2785,780,0,11,0.00307262569832402,34.9403777332374,32.6545351828599,1,1
6,16,0,1,1,0.558558128262947,750,3915,850,0,11,0.00235798499464094,32.3156651206835,34.9403777332374,0,1
6,17,0,1,1,0.523282056146395,760,3430,775,0,12,0.00286396181384248,35.6481463534204,32.3156651206835,0,1
6,18,0,1,1,0.512887396643385,785,3665,870,0,12,0.00269662921348315,31.9563737309012,35.6481463534204,0,1
6,19,0,1,1,0.502380767736873,785,2825,1000,0,11,0.00304709141274238,34.8045538977094,31.9563737309012,0,1
6,20,0,1,1,0.550209495053899,700,2945,725,0,11,0.00301783264746228,37.4409870243396,34.8045538977094,0,1
6,21,0,1,1,0.549234842822277,765,3165,800,0,11,0.00279898218829517,43.0114916250909,37.4409870243396,1,1
6,22,0,1,1,0.523818202206915,765,2900,680,0,11,0.00300136425648022,35.5661521599092,43.0114916250909,1,1
6,23,0,1,1,0.554255031635193,705,2970,655,0,11,0.00299319727891156,34.6867658835018,35.5661521599092,1,1
6,24,0,1,1,0.549205712527736,740,3435,600,0,12,0.00287425149700599,31.6403464277401,34.6867658835018,1,1
6,25,0,1,1,0.583074130349634,700,3260,900,0,11,0.00277777777777778,32.5595822054759,31.6403464277401,1,1
6,26,0,1,1,0.540596340705029,780,2955,605,0,11,0.00294511378848728,33.10203264288,32.5595822054759,0,1
6,27,0,1,1,0.565951654654989,700,2910,680,0,11,0.00304709141274238,35.2956211996978,33.10203264288,0,1
6,28,0,1,1,0.573249533741891,700,3355,600,0,12,0.00295930949445129,40.1703250058492,35.2956211996978,0,1
6,29,0,1,1,0.56560833017661,700,2790,1055,0,11,0.00315186246418338,29.9043087632072,40.1703250058492,0,1
6,30,0,1,1,0.540962543029414,715,2620,570,0,11,0.00329835082458771,36.8010892659505,29.9043087632072,0,1
7,1,0,0,0,0.236764131979163,NaN,6220,NaN,1,14,NaN,32.1228430421796,NaN,1,1
7,2,0,0,0,0.33743272118122,2490,5490,2785,1,13,0.00162907268170426,30.3318300754904,32.1228430421796,1,1
7,3,0,0,0,0.457773757649987,1220,3975,2110,1,12,0.00230991337824832,29.6009458194905,30.3318300754904,1,1
7,4,0,0,0,NaN,NaN,NaN,NaN,1,NaN,NaN,NaN,29.6009458194905,1,1
7,5,0,0,0,0.472840535687808,6710,4835,2605,1,13,0.00112602858380251,29.2005445515026,NaN,1,1
7,6,0,0,0,0.509377595627996,1295,6355,2245,1,14,0.00183006535947712,30.8304490676017,29.2005445515026,0,1
7,7,0,0,0,0.497842288356286,1545,2440,2365,1,10,0.00250941028858218,30.3898172165573,30.8304490676017,0,1
7,8,0,0,0,0.519047218536924,1095,3170,1690,1,11,0.00257913247362251,30.8202241499292,30.3898172165573,0,1
7,9,0,0,0,0.35961318910133,1020,3445,900,1,12,0.00268756998880179,29.8422808616749,30.8202241499292,0,1
7,10,0,0,0,0.469929990002072,955,4580,1500,1,13,0.0023486901535682,29.0941587072474,29.8422808616749,0,1
7,11,0,0,0,0.494628797024501,985,3720,1375,1,12,0.00255047821466525,29.653100009995,29.0941587072474,1,1
7,12,0,0,0,0.489361182228097,1040,4385,1790,1,13,0.0023963133640553,30.8612320564982,29.653100009995,1,1
7,13,0,0,0,0.38452711581327,1005,4160,1035,1,12,0.00232333010648596,31.8249456017759,30.8612320564982,1,1
7,14,0,0,0,NaN,NaN,NaN,NaN,1,NaN,NaN,NaN,31.8249456017759,1,1
7,15,0,0,0,0.540285090997857,4360,4795,1140,1,13,0.0014199890770071,29.3757825223835,NaN,1,1
7,16,0,0,0,0.479963901433436,925,5260,1235,1,13,0.0021018593371059,31.0958614300766,29.3757825223835,0,1
7,17,0,0,0,0.460823919652307,1100,5580,1060,1,13,0.00194610778443114,30.1956505802498,31.0958614300766,0,1
7,18,0,0,0,0.5199325943841,810,4165,1480,1,12,0.00241206030150754,31.3288570069237,30.1956505802498,0,1
7,19,0,0,0,0.534760388074422,810,4335,1155,1,13,0.00252672497570457,30.4261247350039,31.3288570069237,0,1
7,20,0,0,0,0.597179985741761,710,4590,1395,1,13,0.00245283018867925,30.0793499707032,30.4261247350039,0,1
7,21,0,0,0,0.565166495726138,810,4560,1310,1,13,0.00242085661080074,30.2355619499482,30.0793499707032,1,1
7,22,0,0,0,0.594682760136286,860,4555,1320,1,13,0.00240073868882733,28.6349679244192,30.2355619499482,1,1
7,23,0,0,0,0.519568309233348,835,5605,1055,1,14,0.00217391304347826,30.9188616491688,28.6349679244192,1,1
7,24,0,0,0,0.549581882238234,760,5900,1045,1,13,0.00195195195195195,30.8094065208957,30.9188616491688,1,1
7,25,0,0,0,0.506009653550653,860,6105,1235,1,14,0.00201005025125628,30.5998163302247,30.8094065208957,1,1
7,26,0,0,0,0.581438514571424,825,5525,1035,1,14,0.00220472440944882,29.0513417636909,30.5998163302247,0,1
7,27,0,0,0,0.511412613615385,795,5045,885,1,13,0.00222602739726027,30.6361444611946,29.0513417636909,0,1
7,28,0,0,0,0.578469485232615,700,6510,820,1,14,0.00194174757281553,30.5241810986163,30.6361444611946,0,1
7,29,0,0,0,0.655467044384083,700,4760,945,1,13,0.00238095238095238,30.8421887472106,30.5241810986163,0,1
7,30,0,0,0,0.572287510043557,765,5305,910,1,14,0.00230642504118616,30.6848017209075,30.8421887472106,0,1
7,1,0,1,1,0.547448783929887,NaN,4115,NaN,1,12,NaN,31.8413720414245,NaN,1,1
7,2,0,1,1,0.675343635283092,605,2575,1090,1,10,0.00314465408805031,30.6672318297394,31.8413720414245,1,1
7,3,0,1,1,0.697709648533754,555,3185,710,1,11,0.00294117647058824,35.1073908628266,30.6672318297394,1,1
7,4,0,1,1,0.720869190847541,570,3415,535,1,12,0.00301129234629862,31.1786425112005,35.1073908628266,1,1
7,5,0,1,1,0.668711249736977,570,2890,875,1,11,0.00317919075144509,33.8456861932784,31.1786425112005,1,1
7,6,0,1,1,0.66812347843493,585,4840,605,1,13,0.0023963133640553,35.8972962112589,33.8456861932784,0,1
7,7,0,1,1,0.540007965918199,1055,3640,1530,1,12,0.00255591054313099,33.7580972118404,35.8972962112589,0,1
7,8,0,1,1,0.575020054777951,810,3335,1125,1,12,0.00289505428226779,29.8848281449187,33.7580972118404,0,1
7,9,0,1,1,0.634395728943648,620,3220,965,1,11,0.00286458333333333,31.3080523851971,29.8848281449187,0,1
7,10,0,1,1,0.703844656064572,1180,3245,-3195,1,12,0.00271186440677966,30.3794778452259,31.3080523851971,0,1
7,11,0,1,1,0.917537659568806,425,2895,1150,1,11,0.00331325301204819,31.6762115899448,30.3794778452259,1,1
7,12,0,1,1,0.734225236298892,1290,3440,1135,1,12,0.00253699788583509,32.2552198993035,31.6762115899448,1,1
7,13,0,1,1,0.666397080729229,1000,2880,1225,1,11,0.00283505154639175,29.6382004448112,32.2552198993035,1,1
7,14,0,1,1,0.62556010010321,2065,3180,2350,1,11,0.00209723546234509,29.7539844018286,29.6382004448112,1,1
7,15,0,1,1,0.601740834447565,650,2975,1565,1,11,0.00303448275862069,30.3675889157289,29.7539844018286,1,1
7,16,0,1,1,0.606420053828414,945,4185,1300,1,12,0.00233918128654971,30.4853288993744,30.3675889157289,0,1
7,17,0,1,1,0.702313403977122,810,3810,1070,1,12,0.0025974025974026,30.6722647234715,30.4853288993744,0,1
7,18,0,1,1,0.675172567587738,650,3640,685,1,12,0.0027972027972028,30.4831663222241,30.6722647234715,0,1
7,19,0,1,1,0.645945674539524,610,3720,940,1,12,0.00277136258660508,31.5816000616086,30.4831663222241,0,1
7,20,0,1,1,0.651939756020226,625,3545,780,1,12,0.00287769784172662,30.8628289184571,31.5816000616086,0,1
7,21,0,1,1,0.562057338702825,705,3035,1015,1,11,0.00294117647058824,31.271099455984,30.8628289184571,1,1
7,22,0,1,1,0.588758429564018,750,3390,890,1,12,0.00289855072463768,30.4242528604723,31.271099455984,1,1
7,23,0,1,1,0.59442900851333,645,3180,885,1,11,0.00287581699346405,31.6982340919579,30.4242528604723,1,1
7,24,0,1,1,0.702680148516028,990,3615,1020,1,12,0.00260586319218241,30.2441108779486,31.6982340919579,1,1
7,25,0,1,1,0.637570368898977,635,3525,825,1,12,0.00288461538461538,33.3651133576736,30.2441108779486,1,1
7,26,0,1,1,0.640455470710767,890,4420,1315,1,13,0.00244821092278719,31.2777134166584,33.3651133576736,0,1
7,27,0,1,1,NaN,NaN,NaN,NaN,1,NaN,NaN,NaN,31.2777134166584,0,1
7,28,0,1,1,0.727655639073219,2405,4855,470,1,13,0.00179063360881543,31.2803978705377,NaN,0,1
7,29,0,1,1,0.735069607915092,535,2760,1030,1,10,0.00303490136570561,28.5354341875497,31.2803978705377,0,1
7,30,0,1,1,0.521656145432994,745,4935,1105,1,13,0.0022887323943662,30.1115854869169,28.5354341875497,0,1
8,1,0,0,0,0.464843417045248,NaN,4205,NaN,1,12,NaN,30.4728219778464,NaN,1,1
8,2,0,0,0,0.621141793748001,1180,4395,1520,1,13,0.00233183856502242,31.4713614578247,30.4728219778464,1,1
8,3,0,0,0,0.771617600856578,980,6175,1700,1,14,0.00195667365478686,31.7431540010816,31.4713614578247,1,1
8,4,0,0,0,0.777430223224551,950,5935,1150,1,13,0.0018881626724764,31.6205257500542,31.7431540010816,1,1
8,5,0,0,0,0.582619446710723,1065,4235,1210,1,13,0.00245283018867925,33.069574215727,31.6205257500542,1,1
8,6,0,0,0,0.656407605364803,940,4550,1140,1,13,0.00236794171220401,30.7711071093964,33.069574215727,0,1
8,7,0,0,0,0.529148152150085,1005,4340,1330,1,13,0.00243217960710945,31.3934333975104,30.7711071093964,0,1
8,8,0,0,0,NaN,NaN,NaN,NaN,1,NaN,NaN,NaN,31.3934333975104,0,1
8,9,0,0,0,0.624919058692797,1755,3765,1070,1,12,0.00217391304347826,31.8162771954524,NaN,0,1
8,10,0,0,0,0.67503042464664,825,3590,1270,1,12,0.00271800679501699,31.9782716804685,31.8162771954524,0,1
8,11,0,0,0,0.626587769081634,935,3530,1255,1,12,0.00268756998880179,31.9746703255531,31.9782716804685,1,1
8,12,0,0,0,0.59919391050442,1030,3470,1175,1,12,0.00266666666666667,30.6939087010665,31.9746703255531,1,1
8,13,0,0,0,0.589655831715458,855,3520,1160,1,12,0.00274285714285714,30.3018165906541,30.6939087010665,1,1
8,14,0,0,0,0.675749094369332,735,5225,1155,1,13,0.00218120805369127,31.9235416437152,30.3018165906541,1,1
8,15,0,0,0,0.600929063338648,920,4275,1065,1,12,0.00230991337824832,32.2576941032053,31.9235416437152,1,1
8,16,0,0,0,0.693128749179998,780,4265,900,1,12,0.00237859266600595,30.905737749944,32.2576941032053,0,1
8,17,0,0,0,0.544728024767645,935,3635,1040,1,12,0.00262582056892779,32.6950221252441,30.905737749944,0,1
8,18,0,0,0,0.640169020909271,885,3560,910,1,12,0.00269966254218223,31.3226223433871,32.6950221252441,0,1
8,19,0,0,0,0.561491119881762,920,4210,980,1,13,0.00253411306042885,31.8539352435092,31.3226223433871,0,1
8,20,0,0,0,0.745402268210192,750,3600,815,1,12,0.00275862068965517,33.1659135896256,31.8539352435092,0,1
8,21,0,0,0,0.565412396225554,880,3450,980,1,12,0.00277136258660508,29.9904878873039,33.1659135896256,1,1
8,22,0,0,0,0.604651327294078,845,3665,850,1,12,0.00266075388026608,30.8483314875881,29.9904878873039,1,1
8,23,0,0,0,0.58915299594177,775,3670,1020,1,12,0.00269966254218223,32.1493578927177,30.8483314875881,1,1
8,24,0,0,0,0.670029414764616,775,3595,780,1,12,0.00274599542334096,31.6854558461507,32.1493578927177,1,1
8,25,0,0,0,0.56053361399242,925,4430,995,1,13,0.00242763772175537,32.1949178055308,31.6854558461507,1,1
8,26,0,0,0,0.590369146098565,845,3610,1005,1,12,0.00269360269360269,30.0108167491612,32.1949178055308,0,1
8,27,0,0,0,0.599830645421413,825,3995,1045,1,12,0.0024896265560166,30.3572680389405,30.0108167491612,0,1
8,28,0,0,0,0.690719894421883,795,4270,980,1,12,0.00236920039486673,30.8802679371973,30.3572680389405,0,1
8,29,0,0,0,0.602365883718083,790,3605,910,1,12,0.00273037542662116,30.6958760311729,30.8802679371973,0,1
8,30,0,0,0,0.616706662252534,910,5830,1075,1,13,0.00192878338278932,30.8538511530885,30.6958760311729,0,1
8,1,0,1,1,0.190823293423921,NaN,2165,NaN,1,7,NaN,35.989813873291,NaN,1,1
8,2,0,1,1,0.23698559444094,2970,6215,1445,1,14,0.0015242242787153,40.5734626909274,35.989813873291,1,1
8,3,0,1,1,0.261128516420205,1665,1990,1295,1,9,0.00246238030095759,57.74588137978,40.5734626909274,1,1
8,4,0,1,1,0.328745066885397,1230,2615,680,1,11,0.00286085825747724,61.4724123236969,57.74588137978,1,1
8,5,0,1,1,0.29686734892194,1405,3260,1090,1,11,0.00235798499464094,39.6074438766316,61.4724123236969,1,1
8,6,0,1,1,0.393676093701364,1095,2330,1015,1,10,0.00291970802919708,31.1421075596289,39.6074438766316,0,1
8,7,0,1,1,0.322251539557343,1355,2610,1095,1,11,0.00277427490542245,33.3636194022709,31.1421075596289,0,1
8,8,0,1,1,0.408747552263613,1285,1185,790,1,7,0.00283400809716599,31.3476146116095,33.3636194022709,0,1
8,9,0,1,1,0.322195173658996,1240,1740,810,1,9,0.00302013422818792,32.0819316700058,31.3476146116095,0,1
8,10,0,1,1,0.393276786254572,1270,1815,1205,1,9,0.00291734197730956,31.0604890676645,32.0819316700058,0,1
8,11,0,1,1,0.386169771420484,1100,1850,905,1,9,0.00305084745762712,31.8058322661778,31.0604890676645,1,1
8,12,0,1,1,0.418547926674511,1065,2100,995,1,10,0.00315955766192733,31.2604039613991,31.8058322661778,1,1
8,13,0,1,1,0.431978610395093,1015,2295,1010,1,10,0.00302114803625378,33.0068556996221,31.2604039613991,1,1
8,14,0,1,1,0.45529684387951,1015,2780,800,1,11,0.00289855072463768,30.5119897219865,33.0068556996221,1,1
8,15,0,1,1,0.42511074297335,960,2765,840,1,11,0.00295302013422819,30.8786736498671,30.5119897219865,1,1
8,16,0,1,1,0.555512028594868,1485,2790,2065,1,11,0.00257309941520468,31.1760682342475,30.8786736498671,0,1
8,17,0,1,1,0.474478030691483,930,2600,895,1,11,0.00311614730878187,31.8520825464757,31.1760682342475,0,1
8,18,0,1,1,0.552973064005507,1450,1915,2110,1,9,0.00267459138187221,31.4280553642909,31.8520825464757,0,1
8,19,0,1,1,0.450736265827965,940,1710,1175,1,9,0.00339622641509434,30.0324639768016,31.4280553642909,0,1
8,20,0,1,1,0.551326528521861,1585,2270,2015,1,10,0.00259403372243839,31.6727078951322,30.0324639768016,0,1
8,21,0,1,1,0.502100116772317,885,1820,865,1,9,0.0033271719038817,30.0305483364994,31.6727078951322,1,1
8,22,0,1,1,NaN,NaN,NaN,NaN,1,NaN,NaN,NaN,30.0305483364994,1,1
8,23,0,1,1,0.436825520809513,2235,1725,1505,1,9,0.00227272727272727,30.5932613024408,NaN,1,1
8,24,0,1,1,0.547162979897292,835,1840,1010,1,9,0.00336448598130841,31.8433324517144,30.5932613024408,1,1
8,25,0,1,1,0.500707426497458,1400,1750,1905,1,9,0.00285714285714286,29.8875540569772,31.8433324517144,1,1
8,26,0,1,1,0.479499678066736,955,1505,1140,1,8,0.0032520325203252,30.3428134316956,29.8875540569772,0,1
8,27,0,1,1,0.491608049131742,860,1510,855,1,8,0.00337552742616034,31.978859800836,30.3428134316956,0,1
8,28,0,1,1,0.491018562650741,810,1480,990,1,8,0.00349344978165939,30.325103330259,31.978859800836,0,1
8,29,0,1,1,0.429847656784384,1465,2190,1570,1,10,0.0027359781121751,30.3998426544259,30.325103330259,0,1
8,30,0,1,1,0.492038171484032,840,2195,820,1,10,0.00329489291598023,30.6715058746338,30.3998426544259,0,1
9,1,0,0,0,0.240619447984744,NaN,10360,NaN,1,15,NaN,31.5487762699461,NaN,1,1
9,2,0,0,0,0.398628972412766,1765,5450,3110,1,14,0.00194040194040194,29.360930354435,31.5487762699461,1,1
9,3,0,0,0,0.470933511913221,1120,6325,1630,1,14,0.00188045668233714,31.3144763993539,29.360930354435,1,1
9,4,0,0,0,0.514686757497182,960,6690,1990,1,14,0.00183006535947712,29.7208996039598,31.3144763993539,1,1
9,5,0,0,0,0.478527949729453,940,4760,1525,1,13,0.00228070175438596,30.9101028868284,29.7208996039598,1,1
9,6,0,0,0,0.73198614095736,1200,5910,1860,1,14,0.0019690576652602,30.7508659452877,30.9101028868284,0,1
9,7,0,0,0,0.563581725968552,830,7495,1330,1,15,0.0018018018018018,30.9627594372979,30.7508659452877,0,1
9,8,0,0,0,0.594137389148267,755,5810,1380,1,14,0.00213252094440213,31.2813337647401,30.9627594372979,0,1
9,9,0,0,0,0.67837530771424,730,4520,905,1,13,0.00247619047619048,31.5126024932018,31.2813337647401,0,1
9,10,0,0,0,0.67028263467144,660,4530,835,1,13,0.00250481695568401,30.8578289431537,31.5126024932018,0,1
9,11,0,0,0,0.669922304810519,700,4920,755,1,13,0.00231316725978648,31.9346728509428,30.8578289431537,1,1
9,12,0,0,0,0.670660689898457,710,4720,1225,1,13,0.00239410681399632,31.5122362524863,31.9346728509428,1,1
9,13,0,0,0,0.645293942289929,725,6280,1395,1,14,0.00199857244825125,33.1258698572538,31.5122362524863,1,1
9,14,0,0,0,0.498256948159978,1105,6375,1635,1,14,0.0018716577540107,32.1534927786063,33.1258698572538,1,1
9,15,0,0,0,0.641760821650654,770,4185,900,1,12,0.0024217961654894,33.2039901296393,32.1534927786063,1,1
9,16,0,0,0,0.629724744000952,785,5445,820,1,14,0.00224719101123596,32.0966904860276,33.2039901296393,0,1
9,17,0,0,0,0.693411932653135,690,4705,675,1,13,0.00240963855421687,33.420542512091,32.0966904860276,0,1
9,18,0,0,0,0.657193631705441,690,4440,910,1,13,0.00253411306042885,34.1261840339721,33.420542512091,0,1
9,19,0,0,0,0.619165650440991,715,4495,705,1,13,0.00249520153550864,35.4331051825629,34.1261840339721,0,1
9,20,0,0,0,0.624221285226044,730,4670,805,1,13,0.00240740740740741,34.970613956227,35.4331051825629,0,1
9,21,0,0,0,0.754501989542497,595,4460,615,1,13,0.00257171117705242,32.5806796158709,34.970613956227,1,1
9,22,0,0,0,0.690711872917968,690,5345,1015,1,14,0.00231980115990058,35.1076225681124,32.5806796158709,1,1
9,23,0,0,0,0.610931043476905,780,4710,1100,1,13,0.00236794171220401,33.7985242844842,35.1076225681124,1,1
9,24,0,0,0,NaN,NaN,NaN,NaN,1,NaN,NaN,NaN,33.7985242844842,1,1
9,25,0,0,0,0.571628131316132,1960,4465,12925,1,13,0.00202334630350195,32.4915614870762,NaN,1,1
9,26,0,0,0,0.597236370522366,735,4475,955,1,13,0.00249520153550864,35.3090485858917,32.4915614870762,0,1
9,27,0,0,0,0.583068162654663,720,4550,840,1,13,0.00246679316888046,34.3256366831071,35.3090485858917,0,1
9,28,0,0,0,0.666938716494747,715,4520,750,1,13,0.00248328557784145,32.9049227827567,34.3256366831071,0,1
9,29,0,0,0,0.673030833295064,655,3850,995,1,12,0.00266370699223085,32.802916215434,32.9049227827567,0,1
9,30,0,0,0,0.712399862376722,650,5835,930,1,13,0.00200462606013878,31.5636345604675,32.802916215434,0,1
9,1,0,1,1,0.31271089571554,NaN,705,NaN,1,5,NaN,43.5773599243164,NaN,1,1
9,2,0,1,1,0.417552932595367,1095,4430,1855,1,13,0.00235294117647059,33.2099571391453,43.5773599243164,1,1
9,3,0,1,1,0.632693807334142,655,4480,770,1,13,0.00253164556962025,30.8827182724696,33.2099571391453,1,1
9,4,0,1,1,0.652091670234084,620,4625,625,1,13,0.00247855100095329,33.7364978633741,30.8827182724696,1,1
9,5,0,1,1,0.602114767767164,635,3525,830,1,12,0.00288461538461538,32.969944549647,33.7364978633741,1,1
9,6,0,1,1,0.705164893681349,1530,3750,1805,1,12,0.00227272727272727,29.7559585055213,32.969944549647,0,1
9,7,0,1,1,0.580776267344543,705,3655,900,1,12,0.00275229357798165,30.8600971559619,29.7559585055213,0,1
9,8,0,1,1,0.600452540627094,690,3935,920,1,12,0.00259459459459459,32.1198961418655,30.8600971559619,0,1
9,9,0,1,1,0.588556965915323,735,3620,905,1,12,0.00275545350172216,32.0088690404432,32.1198961418655,0,1
9,10,0,1,1,0.578312011481352,705,4405,830,1,14,0.00273972602739726,30.0553802435248,32.0088690404432,0,1
9,11,0,1,1,0.565857289595572,710,4165,845,1,12,0.00246153846153846,32.3609299708671,30.0553802435248,1,1
9,12,0,1,1,0.598378853524581,690,4290,700,1,12,0.00240963855421687,33.8196499090228,32.3609299708671,1,1
9,13,0,1,1,0.554154656108318,1315,5355,1605,1,13,0.00194902548725637,30.4962018028068,33.8196499090228,1,1
9,14,0,1,1,0.576020162612602,705,5080,740,1,13,0.00224719101123596,32.3164840635449,30.4962018028068,1,1
9,15,0,1,1,0.555962817451389,1470,5530,1795,1,13,0.00185714285714286,31.2399940398371,32.3164840635449,1,1
9,16,0,1,1,0.598466915874946,685,4695,875,1,13,0.00241635687732342,31.2624293083029,31.2399940398371,0,1
9,17,0,1,1,0.608166863385695,650,4285,865,1,13,0.00263424518743668,32.8434185321514,31.2624293083029,0,1
9,18,0,1,1,0.653902736428822,610,4530,695,1,13,0.00252918287937743,32.4013067781729,32.8434185321514,0,1
9,19,0,1,1,0.615389802923002,640,4490,880,1,13,0.00253411306042885,32.5661143424062,32.4013067781729,0,1
9,20,0,1,1,0.610122181537478,675,5255,740,1,13,0.00219224283305228,31.5386859507978,32.5661143424062,0,1
9,21,0,1,1,0.623904126688081,1300,5215,1685,1,13,0.00199539524174981,32.7581654237896,31.5386859507978,1,1
9,22,0,1,1,0.63114535629663,630,2900,720,1,11,0.00311614730878187,31.0968093173476,32.7581654237896,1,1
9,23,0,1,1,0.625408385430509,630,3685,725,1,12,0.00278099652375435,36.3101032800855,31.0968093173476,1,1
9,24,0,1,1,0.614536054933989,665,3615,875,1,12,0.00280373831775701,31.2993943896215,36.3101032800855,1,1
9,25,0,1,1,0.617639095629779,650,3585,720,1,12,0.00283353010625738,32.2757976308838,31.2993943896215,1,1
9,26,0,1,1,0.640523488339109,620,4315,600,1,13,0.00263424518743668,33.5745172952722,32.2757976308838,0,1
9,27,0,1,1,0.648967357779208,600,4325,630,1,13,0.00263959390862944,31.8075392140307,33.5745172952722,0,1
9,28,0,1,1,0.627319392541183,640,4165,580,1,12,0.00249739854318418,33.6160598776838,31.8075392140307,0,1
9,29,0,1,1,0.620089829152122,665,3870,695,1,12,0.00264608599779493,34.4708937310988,33.6160598776838,0,1
9,30,0,1,1,0.631823261764518,665,4750,755,1,13,0.00240073868882733,32.7694752677332,34.4708937310988,0,1
10,1,0,0,0,0.355850400558594,NaN,1810,NaN,1,9,NaN,31.8853257797704,NaN,1,1
10,2,0,0,0,0.579740609154221,1075,1695,1125,1,9,0.00324909747292419,35.2047719959932,31.8853257797704,1,1
10,3,0,0,0,0.571996867576629,890,1615,915,1,8,0.0031936127744511,40.636922511348,35.2047719959932,1,1
10,4,0,0,0,0.614330604920869,1135,1450,1055,1,8,0.00309477756286267,40.3697915450158,40.636922511348,1,1
10,5,0,0,0,0.613399776490496,810,1425,790,1,8,0.00357941834451902,37.6216346623347,40.3697915450158,1,1
10,6,0,0,0,0.635413435062197,720,1420,525,1,8,0.00373831775700935,38.3541005002741,37.6216346623347,0,1
10,7,0,0,0,0.56545330392343,850,1580,960,1,8,0.00329218106995885,43.6077300390009,38.3541005002741,0,1
10,8,0,0,0,0.559478219015524,835,1335,600,1,8,0.00368663594470046,36.1491816848071,43.6077300390009,0,1
10,9,0,0,0,NaN,NaN,NaN,NaN,1,NaN,NaN,NaN,36.1491816848071,0,1
10,10,0,0,0,0.588308033108618,1405,3230,785,1,9,0.00194174757281553,36.8989127676233,NaN,0,1
10,11,0,0,0,0.603852666908346,785,1825,835,1,9,0.00344827586206897,47.5291509559506,36.8989127676233,1,1
10,12,0,0,0,0.673523942222551,795,1960,960,1,9,0.00326678765880218,34.0678003241278,47.5291509559506,1,1
10,13,0,0,0,NaN,NaN,NaN,NaN,1,NaN,NaN,NaN,34.0678003241278,1,1
10,14,0,0,0,0.653540813532253,1405,2145,515,1,10,0.0028169014084507,33.6590085832463,NaN,1,1
10,15,0,0,0,0.5963697890113,730,2020,645,1,10,0.00363636363636364,39.3326561482747,33.6590085832463,1,1
10,16,0,0,0,0.602333899585983,830,4010,585,1,12,0.00247933884297521,30.8145893690321,39.3326561482747,0,1
10,17,0,0,0,0.591789783243085,670,1425,395,1,8,0.00381861575178998,44.6643891789364,30.8145893690321,0,1
10,18,0,0,0,0.636882858245086,640,1540,545,1,8,0.0036697247706422,37.9241481171148,44.6643891789364,0,1
10,19,0,0,0,0.590827841946604,750,1410,950,1,8,0.0037037037037037,34.1691838974161,37.9241481171148,0,1
10,20,0,0,0,0.598416308321616,750,1795,635,1,9,0.00353634577603143,36.3968022240533,34.1691838974161,0,1
10,21,0,0,0,0.571843698824454,775,885,775,1,6,0.0036144578313253,38.8741114789984,36.3968022240533,1,1
10,22,0,0,0,0.665503838805851,665,1345,545,1,8,0.00398009950248756,39.79227541097,38.8741114789984,1,1
10,23,0,0,0,0.605191547660671,750,1125,760,1,7,0.00373333333333333,39.6123701544568,39.79227541097,1,1
10,24,0,0,0,0.464735507312633,890,1120,635,1,7,0.00348258706467662,39.9659443115234,39.6123701544568,1,1
10,25,0,0,0,0.536415808528299,765,1440,660,1,8,0.0036281179138322,43.950007907115,39.9659443115234,1,1
10,26,0,0,0,0.655419404769609,700,1070,575,1,6,0.00338983050847458,43.6005768049373,43.950007907115,0,1
10,27,0,0,0,0.606310692515465,810,1220,615,1,7,0.00344827586206897,41.4416834716797,43.6005768049373,0,1
10,28,0,0,0,0.613892349389345,750,1485,595,1,8,0.00357941834451902,43.5783683111204,41.4416834716797,0,1
10,29,0,0,0,0.640132108067585,730,1505,780,1,8,0.00357941834451902,36.1412518977488,43.5783683111204,0,1
10,30,0,0,0,0.644005227325109,680,1110,550,1,7,0.00391061452513967,39.6567742235671,36.1412518977488,0,1
10,1,0,1,1,0.215563684277431,NaN,7465,NaN,1,14,NaN,31.6096355236468,NaN,1,1
10,2,0,1,1,0.320012843023904,4615,6030,1790,1,14,0.00131517144199155,31.6774017693015,31.6096355236468,1,1
10,3,0,1,1,0.320130323299012,1435,3790,700,1,12,0.00229665071770335,40.694423067397,31.6774017693015,1,1
10,4,0,1,1,0.355631289199512,1495,4075,1645,1,12,0.00215439856373429,36.9288188126508,40.694423067397,1,1
10,5,0,1,1,0.381471173782377,1060,3440,960,1,12,0.00266666666666667,40.8156943754465,36.9288188126508,1,1
10,6,0,1,1,0.411581233550876,1020,4460,685,1,13,0.00237226277372263,36.7838567575282,40.8156943754465,0,1
10,7,0,1,1,0.411308389721878,970,2345,770,1,10,0.00301659125188537,34.9996931360123,36.7838567575282,0,1
10,8,0,1,1,0.475914684081471,900,3370,740,1,12,0.00281030444964871,39.7281323820891,34.9996931360123,0,1
10,9,0,1,1,0.446366705895361,890,3615,705,1,11,0.00244173140954495,38.9911611255108,39.7281323820891,0,1
10,10,0,1,1,0.451077506307779,880,3150,1050,1,12,0.00297766749379653,37.7190099379017,38.9911611255108,0,1
10,11,0,1,1,0.462224642923629,940,4665,550,1,13,0.00231935771632471,37.0641666760332,37.7190099379017,1,1
10,12,0,1,1,0.509918908014705,845,4330,710,1,13,0.00251207729468599,35.9730799871064,37.0641666760332,1,1
10,13,0,1,1,0.431445334685926,970,3400,1085,1,12,0.00274599542334096,34.7846125127985,35.9730799871064,1,1
10,14,0,1,1,0.446905880731125,965,3810,655,1,12,0.0025130890052356,37.1848095783552,34.7846125127985,1,1
10,15,0,1,1,0.419162719963682,940,3135,800,1,11,0.00269938650306748,34.4380890893632,37.1848095783552,1,1
10,16,0,1,1,0.499100374333012,835,2975,760,1,11,0.00288713910761155,42.1604948507219,34.4380890893632,0,1
10,17,0,1,1,0.511898863647813,815,3340,515,1,12,0.00288808664259928,40.1309528153538,42.1604948507219,0,1
10,18,0,1,1,0.496380357256465,810,3080,790,1,11,0.00282776349614396,34.2237246263897,40.1309528153538,0,1
10,19,0,1,1,0.461220184646313,940,1945,610,1,9,0.00311958405545927,42.6840163542918,34.2237246263897,0,1
10,20,0,1,1,0.514564489621672,795,2000,490,1,9,0.00322003577817531,48.0727139076747,42.6840163542918,0,1
10,21,0,1,1,0.502219193748771,830,2260,595,1,10,0.00323624595469256,42.8692889390823,48.0727139076747,1,1
10,22,0,1,1,0.538394397632237,765,2615,535,1,10,0.0029585798816568,43.6208871937526,42.8692889390823,1,1
10,23,0,1,1,0.511452961213734,855,2655,635,1,11,0.00313390313390313,32.8994905927487,43.6208871937526,1,1
10,24,0,1,1,0.494338096705361,910,3180,795,1,11,0.00268948655256724,32.8491053594043,32.8994905927487,1,1
10,25,0,1,1,0.501102624814086,855,2715,735,1,11,0.0030812324929972,37.5082245265736,32.8491053594043,1,1
10,26,0,1,1,0.521215336817774,810,3060,500,1,11,0.00284237726098191,37.3238569529099,37.5082245265736,0,1
10,27,0,1,1,0.516011391783,750,2580,590,1,10,0.003003003003003,50.6247024730926,37.3238569529099,0,1
10,28,0,1,1,0.55264511641937,755,2415,575,1,10,0.00315457413249211,36.3219860007546,50.6247024730926,0,1
10,29,0,1,1,0.499910991048323,880,2190,540,1,10,0.00325732899022801,45.2993181816919,36.3219860007546,0,1
10,30,0,1,1,0.538600651801404,830,2465,490,1,10,0.00303490136570561,39.5398270579967,45.2993181816919,0,1
11,1,0,0,0,0.257582987484831,NaN,25865,NaN,1,15,NaN,37.7823057639318,NaN,1,1
11,2,0,0,0,0.413471554288491,3900,11990,4180,1,15,0.000943989930774072,30.367879280768,37.7823057639318,1,1
11,3,0,0,0,0.630695614592673,705,5580,965,1,13,0.0020684168655529,30.3834897722126,30.367879280768,1,1
11,4,0,0,0,0.592938222176723,830,5400,750,1,13,0.00208667736757624,31.1806066002435,30.3834897722126,1,1
11,5,0,0,0,1.06861071056085,415,95,510,1,1,0.00196078431372549,37.5758669433594,31.1806066002435,1,1
11,6,0,0,0,0.53940239518408,1370,6045,2190,1,14,0.00188806473364801,31.1482762284713,37.5758669433594,0,1
11,7,0,0,0,0.525397179665739,890,7040,1280,1,14,0.00176544766708701,31.1623803295084,31.1482762284713,0,1
11,8,0,0,0,0.51107030207395,875,6765,1550,1,14,0.00183246073298429,31.0142138774298,31.1623803295084,0,1
11,9,0,0,0,0.696391451628986,740,5585,1385,1,13,0.00205533596837945,29.7677097538442,31.0142138774298,0,1
11,10,0,0,0,0.595270667648621,725,3455,1245,1,12,0.00287081339712919,30.4276657668979,29.7677097538442,0,1
11,11,0,0,0,0.679286996419514,710,5460,1195,1,13,0.00210696920583468,30.682761122694,30.4276657668979,1,1
11,12,0,0,0,0.75140632904993,620,5895,900,1,13,0.00199539524174981,30.1597194901806,30.682761122694,1,1
11,13,0,0,0,0.756593925988635,615,4180,1320,1,12,0.00250260688216893,29.6647581024352,30.1597194901806,1,1
11,14,0,0,0,0.930297920370453,480,4635,805,1,13,0.00254154447702835,31.1386608722292,29.6647581024352,1,1
11,15,0,0,0,NaN,NaN,NaN,NaN,1,NaN,NaN,NaN,31.1386608722292,1,1
11,16,0,0,0,0.903261619194792,1760,6305,855,1,14,0.00173589584624923,30.2220020271216,NaN,0,1
11,17,0,0,0,0.786733257340105,670,7485,1080,1,14,0.00171673819742489,30.6458386886454,30.2220020271216,0,1
11,18,0,0,0,0.764333319210248,595,3690,1050,1,12,0.00280046674445741,30.8714444989732,30.6458386886454,0,1
11,19,0,0,0,0.688924685387054,670,4345,940,1,13,0.00259222333000997,31.0134786755792,30.8714444989732,0,1
11,20,0,0,0,0.70078956862562,625,4480,920,1,13,0.00254652301665034,30.883830536467,31.0134786755792,0,1
11,21,0,0,0,0.748787061633261,615,3505,915,1,12,0.0029126213592233,30.3920465853004,30.883830536467,1,1
11,22,0,0,0,0.831341727504095,530,3650,805,1,12,0.00287081339712919,30.2361698093232,30.3920465853004,1,1
11,23,0,0,0,0.771267742642891,590,2810,1060,1,11,0.00323529411764706,29.7513232378511,30.2361698093232,1,1
11,24,0,0,0,0.853133957487802,510,3400,670,1,12,0.0030690537084399,29.3694008964729,29.7513232378511,1,1
11,25,0,0,0,0.716119771090306,615,4215,1040,1,13,0.00269151138716356,30.6765388887423,29.3694008964729,1,1
11,26,0,0,0,0.891239473066246,500,4405,860,1,13,0.00265035677879715,31.4109908960736,30.6765388887423,0,1
11,27,0,0,0,0.813292750857101,565,4185,1050,1,12,0.00252631578947368,29.903106478962,31.4109908960736,0,1
11,28,0,0,0,0.896833165810157,495,4415,1110,1,13,0.00264765784114053,30.0274553663159,29.903106478962,0,1
11,29,0,0,0,0.803445028574232,590,3325,770,1,12,0.00306513409961686,30.4136018771102,30.0274553663159,0,1
11,30,0,0,0,0.939458322489708,465,4910,620,1,13,0.00241860465116279,31.4063469720105,30.4136018771102,0,1
11,1,0,1,1,0.333978111081526,NaN,2960,NaN,1,11,NaN,33.2203090283039,NaN,1,1
11,2,0,1,1,0.497469385305841,810,4295,1345,1,12,0.00235063663075416,30.7258171024766,33.2203090283039,1,1
11,3,0,1,1,0.614034117230892,670,3295,1535,1,11,0.00277427490542245,30.8146517232259,30.7258171024766,1,1
11,4,0,1,1,0.662112089261456,620,3670,880,1,12,0.0027972027972028,33.0707210693359,30.8146517232259,1,1
11,5,0,1,1,0.711669588672406,550,4495,690,1,13,0.00257680872150644,30.147778676351,33.0707210693359,1,1
11,6,0,1,1,0.614482410570049,660,3745,715,1,12,0.00272417707150965,29.9796688712565,30.147778676351,0,1
11,7,0,1,1,0.601227029679152,660,2785,795,1,11,0.00319303338171263,31.0087816387437,29.9796688712565,0,1
11,8,0,1,1,0.637409176990075,645,3210,785,1,11,0.00285343709468223,31.2749522872142,31.0087816387437,0,1
11,9,0,1,1,0.667380476566114,615,3665,700,1,12,0.00280373831775701,31.4837494220786,31.2749522872142,0,1
11,10,0,1,1,0.596490924126171,690,4670,1305,1,13,0.00242537313432836,30.5287692440257,31.4837494220786,0,1
11,11,0,1,1,0.57396323200361,680,4410,825,1,13,0.00255402750491159,30.0860590463641,30.5287692440257,1,1
11,12,0,1,1,0.597649161582861,685,3700,880,1,12,0.00273660205245154,31.3560272290929,30.0860590463641,1,1
11,13,0,1,1,0.585983417084382,695,4035,780,1,12,0.00253699788583509,29.6523710609662,31.3560272290929,1,1
11,14,0,1,1,0.603678838009736,695,5815,725,1,13,0.00199692780337942,31.1588123166848,29.6523710609662,1,1
11,15,0,1,1,0.621232368288105,665,3195,915,1,11,0.00284974093264249,29.9837110471725,31.1588123166848,1,1
11,16,0,1,1,0.604186075418269,660,3685,595,1,12,0.00276179516685846,30.4077387359536,29.9837110471725,0,1
11,17,0,1,1,0.696472594319723,545,3745,665,1,12,0.0027972027972028,29.7621767692057,30.4077387359536,0,1
11,18,0,1,1,0.613915095925614,685,3650,715,1,12,0.0027681660899654,30.0078894159862,29.7621767692057,0,1
11,19,0,1,1,0.655583209857814,615,3550,765,1,12,0.00288115246098439,29.6534770578205,30.0078894159862,0,1
11,20,0,1,1,0.689789699065787,595,2575,830,1,10,0.00315457413249211,31.3685142800974,29.6534770578205,0,1
11,21,0,1,1,0.699535649765521,610,2430,800,1,10,0.00328947368421053,29.9811748904125,31.3685142800974,1,1
11,22,0,1,1,0.650503131289284,665,2940,990,1,11,0.00305131761442441,29.8574263142973,29.9811748904125,1,1
11,23,0,1,1,0.593818653121602,695,2765,790,1,11,0.00317919075144509,29.9811789965027,29.8574263142973,1,1
11,24,0,1,1,NaN,NaN,NaN,NaN,1,NaN,NaN,NaN,29.9811789965027,1,1
11,25,0,1,1,0.570246547075338,1675,4405,650,1,13,0.00213815789473684,30.0103024679517,NaN,1,1
11,26,0,1,1,0.644106714137367,655,4545,730,1,13,0.0025,30.013299236591,30.0103024679517,0,1
11,27,0,1,1,0.624198270764694,650,3370,810,1,12,0.00298507462686567,29.811369486943,30.013299236591,0,1
11,28,0,1,1,0.578492981504195,685,3610,670,1,12,0.00279394644935972,29.5798213729753,29.811369486943,0,1
11,29,0,1,1,0.534558870993887,735,4040,715,1,12,0.0025130890052356,29.8302537712031,29.5798213729753,0,1
11,30,0,1,1,0.645911199544806,620,3730,685,1,12,0.00275862068965517,34.2786367074744,29.8302537712031,0,1
12,1,0,0,0,0.391049275550587,NaN,3645,NaN,1,12,NaN,32.245122330339,NaN,1,1
12,2,0,0,0,0.612529740546975,760,4690,1130,1,13,0.00238532110091743,31.236513670575,32.245122330339,1,1
12,3,0,0,0,0.500390007099721,870,4485,960,1,13,0.00242763772175537,29.7019199736666,31.236513670575,1,1
12,4,0,0,0,0.689468219259689,660,5535,545,1,14,0.00225988700564972,29.4505965472761,29.7019199736666,1,1
12,5,0,0,0,0.623964487539461,675,4600,740,1,13,0.00246445497630332,30.6889268124194,29.4505965472761,1,1
12,6,0,0,0,0.607575295790984,785,5985,705,1,14,0.00206794682422452,29.4919518930884,30.6889268124194,0,1
12,7,0,0,0,0.516039121064817,830,6330,780,1,14,0.00195530726256983,31.1833572505719,29.4919518930884,0,1
12,8,0,0,0,0.616439530740936,715,6260,875,1,14,0.00200716845878136,30.8047128176556,31.1833572505719,0,1
12,9,0,0,0,0.508691383433868,800,6100,750,1,14,0.00202898550724638,29.4473742570549,30.8047128176556,0,1
12,10,0,0,0,NaN,NaN,NaN,NaN,1,NaN,NaN,NaN,29.4473742570549,0,1
12,11,0,0,0,0.495475706278355,1920,3730,945,1,12,0.00212389380530973,33.5152483836714,NaN,1,1
12,12,0,0,0,0.603387062457417,695,6255,635,1,14,0.00201438848920863,30.9867784211278,33.5152483836714,1,1
12,13,0,0,0,0.621181242101368,670,4775,640,1,13,0.00238751147842057,29.8624282785839,30.9867784211278,1,1
12,14,0,0,0,NaN,NaN,NaN,NaN,1,NaN,NaN,NaN,29.8624282785839,1,1
12,15,0,0,0,0.298006799356577,2100,5625,2210,1,13,0.00168284789644013,29.2251976720562,NaN,1,1
12,16,0,0,0,0.324627867997682,1210,4965,1865,1,13,0.00210526315789474,31.9955160522461,29.2251976720562,0,1
12,17,0,0,0,0.36986221845915,1145,4805,1880,1,13,0.00218487394957983,30.3740105141622,31.9955160522461,0,1
12,18,0,0,0,0.463138845765872,970,4555,1035,1,13,0.00235294117647059,31.1803913999859,30.3740105141622,0,1
12,19,0,0,0,0.519545626387891,825,4645,1125,1,13,0.00237659963436929,29.5193369600029,31.1803913999859,0,1
12,20,0,0,0,0.388278340947938,1085,4950,1105,1,13,0.00215410107705054,30.3467114695098,29.5193369600029,0,1
12,21,0,0,0,0.445999141705339,920,5065,1180,1,12,0.00200501253132832,29.6597320753528,30.3467114695098,1,1
12,22,0,0,0,0.49033128018309,855,4695,1000,1,13,0.00234234234234234,30.877281867494,29.6597320753528,1,1
12,23,0,0,0,0.57575201280895,720,7945,670,1,15,0.00173110213502597,29.1343207973904,30.877281867494,1,1
12,24,0,0,0,0.611585687734592,695,4800,795,1,13,0.00236578707916288,30.5955890667426,29.1343207973904,1,1
12,25,0,0,0,0.50279470176299,830,6820,875,1,14,0.00183006535947712,28.8655258892144,30.5955890667426,1,1
12,26,0,0,0,0.566414633660769,760,5990,585,1,14,0.00207407407407407,29.0991551502473,28.8655258892144,0,1
12,27,0,0,0,0.624714180790015,665,6015,670,1,14,0.00209580838323353,30.7384093351143,29.0991551502473,0,1
12,28,0,0,0,0.688201028803896,625,6120,685,1,14,0.00207561156412157,28.8247188423506,30.7384093351143,0,1
12,29,0,0,0,0.567927650339177,715,8900,750,1,15,0.0015600624024961,29.2722793683625,28.8247188423506,0,1
12,30,0,0,0,0.505175012289631,1085,8920,1500,1,15,0.00149925037481259,29.7997134172028,29.2722793683625,0,1
12,1,0,1,1,0.360409667393715,NaN,28130,NaN,1,15,NaN,40.515067711844,NaN,1,1
12,2,0,1,1,0.21802397370573,5815,15820,1605,1,16,0.000739542408134967,29.6197311624959,40.515067711844,1,1
12,3,0,1,1,0.437933844676504,5725,22875,1680,1,16,0.000559440559440559,29.3054505112194,29.6197311624959,1,1
12,4,0,1,1,0.321655269827688,1315,17530,1885,1,15,0.000795967100026532,29.3709338720021,29.3054505112194,1,1
12,5,0,1,1,0.352800635560884,2235,11950,1615,1,15,0.00105745505816003,28.6731946818034,29.3709338720021,1,1
12,6,0,1,1,0.327611558900307,1155,33740,1555,1,16,0.000458518412379997,30.4530609646902,28.6731946818034,0,1
12,7,0,1,1,0.279600242755503,6015,22430,880,1,15,0.000527333450518545,29.8370205559931,30.4530609646902,0,1
12,8,0,1,1,0.511968962056705,975,12730,1045,1,15,0.00109449106165633,29.6306921877972,29.8370205559931,0,1
12,9,0,1,1,0.390100113018702,1015,10770,1955,1,15,0.00127280441238863,29.5041779530253,29.6306921877972,0,1
12,10,0,1,1,0.425326620912859,915,13485,1215,1,15,0.00104166666666667,29.5261993408203,29.5041779530253,0,1
12,11,0,1,1,0.380367346332676,1040,14825,1715,1,15,0.000945477466120391,29.3307470818362,29.5261993408203,1,1
12,12,0,1,1,0.43981386062806,910,13605,1100,1,15,0.00103341370995522,29.7390243133389,29.3307470818362,1,1
12,13,0,1,1,0.452333462135597,880,13540,2905,1,15,0.00104022191400832,30.2528345172996,29.7390243133389,1,1
12,14,0,1,1,0.373339824631679,1075,11915,1650,1,15,0.00115473441108545,29.7536877725588,30.2528345172996,1,1
12,15,0,1,1,0.299925928779485,1365,13970,1120,1,15,0.00097815454841865,29.7387441882303,29.7536877725588,1,1
12,16,0,1,1,0.313049076863002,1805,18095,2415,1,16,0.000804020100502513,29.6668676959653,29.7387441882303,0,1
12,17,0,1,1,0.381734786227571,1000,12935,2050,1,15,0.00107642626480086,30.9799064365015,29.6668676959653,0,1
12,18,0,1,1,0.38041899031989,1160,13110,2580,1,15,0.00105115627189909,30.9213310417964,30.9799064365015,0,1
12,19,0,1,1,0.433538172411599,880,14485,1375,1,16,0.00104132769280833,29.4648759132233,30.9213310417964,0,1
12,20,0,1,1,0.404408312307172,985,16930,1080,1,15,0.000837287189506001,29.933466142013,29.4648759132233,0,1
12,21,0,1,1,0.470883658473355,860,15355,1160,1,15,0.000925069380203515,29.4159246640788,29.933466142013,1,1
12,22,0,1,1,0.521784574276485,750,18575,1190,1,15,0.000776196636481242,29.7869124645156,29.4159246640788,1,1
12,23,0,1,1,0.453609497637258,865,12285,975,1,15,0.00114068441064639,30.9085396944797,29.7869124645156,1,1
12,24,0,1,1,0.537374311662507,740,17240,885,1,15,0.000834260289210234,29.65812315585,30.9085396944797,1,1
12,25,0,1,1,0.474469609103569,845,16300,1070,1,15,0.000874890638670166,30.4068075150693,29.65812315585,1,1
12,26,0,1,1,0.442303325599933,925,13045,810,1,15,0.00107372942018611,30.2637769443322,30.4068075150693,0,1
12,27,0,1,1,0.47736086378105,860,11260,1240,1,15,0.00123762376237624,29.7240123877797,30.2637769443322,0,1
12,28,0,1,1,0.490155071149972,795,9820,1260,1,15,0.00141309467734338,29.4007639209854,29.7240123877797,0,1
12,29,0,1,1,0.429123292278252,970,14070,1010,1,15,0.000997340425531915,29.8381900682466,29.4007639209854,0,1
12,30,0,1,1,0.455017810768069,900,9755,1490,1,15,0.001407789770061,29.6417236290603,29.8381900682466,0,1
0,0,0,0,0,0,0,0,0,0,0,0,0,0,1,0
0,0,0,0,0,0,0,0,0,0,0,0,0,0,1,0
0,0,0,0,0,0,0,0,0,0,0,0,0,0,1,0
0,0,0,0,0,0,0,0,0,0,0,0,0,0,1,0
0,0,0,0,0,0,0,0,0,0,0,0,0,0,1,0
0,0,0,0,0,0,0,0,0,0,0,0,0,0,0,0
0,0,0,0,0,0,0,0,0,0,0,0,0,0,0,0
0,0,0,0,0,0,0,0,0,0,0,0,0,0,0,0
0,0,0,0,0,0,0,0,0,0,0,0,0,0,0,0
0,0,0,0,0,0,0,0,0,0,0,0,0,0,0,0
0,0,0,0,0,0,0,0,0,0,0,0,0,0,1,0
0,0,0,0,0,0,0,0,0,0,0,0,0,0,1,0
0,0,0,0,0,0,0,0,0,0,0,0,0,0,1,0
0,0,0,0,0,0,0,0,0,0,0,0,0,0,1,0
0,0,0,0,0,0,0,0,0,0,0,0,0,0,1,0
0,0,0,0,0,0,0,0,0,0,0,0,0,0,0,0
0,0,0,0,0,0,0,0,0,0,0,0,0,0,0,0
0,0,0,0,0,0,0,0,0,0,0,0,0,0,0,0
0,0,0,0,0,0,0,0,0,0,0,0,0,0,0,0
0,0,0,0,0,0,0,0,0,0,0,0,0,0,0,0
0,0,0,0,0,0,0,0,0,0,0,0,0,0,1,0
0,0,0,0,0,0,0,0,0,0,0,0,0,0,1,0
0,0,0,0,0,0,0,0,0,0,0,0,0,0,1,0
0,0,0,0,0,0,0,0,0,0,0,0,0,0,1,0
0,0,0,0,0,0,0,0,0,0,0,0,0,0,1,0
0,0,0,0,0,0,0,0,0,0,0,0,0,0,0,0
0,0,0,0,0,0,0,0,0,0,0,0,0,0,0,0
0,0,0,0,0,0,0,0,0,0,0,0,0,0,0,0
0,0,0,0,0,0,0,0,0,0,0,0,0,0,0,0
0,0,0,0,0,0,0,0,0,0,0,0,0,0,0,0
0,0,0,0,0,0,0,0,0,0,0,0,0,0,1,0
0,0,0,0,0,0,0,0,0,0,0,0,0,0,1,0
0,0,0,0,0,0,0,0,0,0,0,0,0,0,1,0
0,0,0,0,0,0,0,0,0,0,0,0,0,0,1,0
0,0,0,0,0,0,0,0,0,0,0,0,0,0,1,0
0,0,0,0,0,0,0,0,0,0,0,0,0,0,0,0
0,0,0,0,0,0,0,0,0,0,0,0,0,0,0,0
0,0,0,0,0,0,0,0,0,0,0,0,0,0,0,0
0,0,0,0,0,0,0,0,0,0,0,0,0,0,0,0
0,0,0,0,0,0,0,0,0,0,0,0,0,0,0,0
0,0,0,0,0,0,0,0,0,0,0,0,0,0,1,0
0,0,0,0,0,0,0,0,0,0,0,0,0,0,1,0
0,0,0,0,0,0,0,0,0,0,0,0,0,0,1,0
0,0,0,0,0,0,0,0,0,0,0,0,0,0,1,0
0,0,0,0,0,0,0,0,0,0,0,0,0,0,1,0
0,0,0,0,0,0,0,0,0,0,0,0,0,0,0,0
0,0,0,0,0,0,0,0,0,0,0,0,0,0,0,0
0,0,0,0,0,0,0,0,0,0,0,0,0,0,0,0
0,0,0,0,0,0,0,0,0,0,0,0,0,0,0,0
0,0,0,0,0,0,0,0,0,0,0,0,0,0,0,0
0,0,0,0,0,0,0,0,0,0,0,0,0,0,1,0
0,0,0,0,0,0,0,0,0,0,0,0,0,0,1,0
0,0,0,0,0,0,0,0,0,0,0,0,0,0,1,0
0,0,0,0,0,0,0,0,0,0,0,0,0,0,1,0
0,0,0,0,0,0,0,0,0,0,0,0,0,0,1,0
0,0,0,0,0,0,0,0,0,0,0,0,0,0,0,0
0,0,0,0,0,0,0,0,0,0,0,0,0,0,0,0
0,0,0,0,0,0,0,0,0,0,0,0,0,0,0,0
0,0,0,0,0,0,0,0,0,0,0,0,0,0,0,0
0,0,0,0,0,0,0,0,0,0,0,0,0,0,0,0
0,0,0,0,0,0,0,0,0,0,0,0,0,0,1,0
0,0,0,0,0,0,0,0,0,0,0,0,0,0,1,0
0,0,0,0,0,0,0,0,0,0,0,0,0,0,1,0
0,0,0,0,0,0,0,0,0,0,0,0,0,0,1,0
0,0,0,0,0,0,0,0,0,0,0,0,0,0,1,0
0,0,0,0,0,0,0,0,0,0,0,0,0,0,0,0
0,0,0,0,0,0,0,0,0,0,0,0,0,0,0,0
0,0,0,0,0,0,0,0,0,0,0,0,0,0,0,0
0,0,0,0,0,0,0,0,0,0,0,0,0,0,0,0
0,0,0,0,0,0,0,0,0,0,0,0,0,0,0,0
0,0,0,0,0,0,0,0,0,0,0,0,0,0,0,0
0,0,0,0,0,0,0,0,0,0,0,0,0,0,0,0
0,0,0,0,0,0,0,0,0,0,0,0,0,0,0,0
0,0,0,0,0,0,0,0,0,0,0,0,0,0,0,0
0,0,0,0,0,0,0,0,0,0,0,0,0,0,0,0
0,0,0,0,0,0,0,0,0,0,0,0,0,0,0,0
0,0,0,0,0,0,0,0,0,0,0,0,0,0,0,0
0,0,0,0,0,0,0,0,0,0,0,0,0,0,0,0
0,0,0,0,0,0,0,0,0,0,0,0,0,0,0,0
0,0,0,0,0,0,0,0,0,0,0,0,0,0,0,0
0,0,0,0,0,0,0,0,0,0,0,0,0,0,1,0
0,0,0,0,0,0,0,0,0,0,0,0,0,0,1,0
0,0,0,0,0,0,0,0,0,0,0,0,0,0,1,0
0,0,0,0,0,0,0,0,0,0,0,0,0,0,1,0
0,0,0,0,0,0,0,0,0,0,0,0,0,0,1,0
0,0,0,0,0,0,0,0,0,0,0,0,0,0,0,0
0,0,0,0,0,0,0,0,0,0,0,0,0,0,0,0
0,0,0,0,0,0,0,0,0,0,0,0,0,0,0,0
0,0,0,0,0,0,0,0,0,0,0,0,0,0,0,0
0,0,0,0,0,0,0,0,0,0,0,0,0,0,0,0
0,0,0,0,0,0,0,0,0,0,0,0,0,0,1,0
0,0,0,0,0,0,0,0,0,0,0,0,0,0,1,0
0,0,0,0,0,0,0,0,0,0,0,0,0,0,1,0
0,0,0,0,0,0,0,0,0,0,0,0,0,0,1,0
0,0,0,0,0,0,0,0,0,0,0,0,0,0,1,0
0,0,0,0,0,0,0,0,0,0,0,0,0,0,0,0
0,0,0,0,0,0,0,0,0,0,0,0,0,0,0,0
0,0,0,0,0,0,0,0,0,0,0,0,0,0,0,0
0,0,0,0,0,0,0,0,0,0,0,0,0,0,0,0
0,0,0,0,0,0,0,0,0,0,0,0,0,0,0,0
0,0,0,0,0,0,0,0,0,0,0,0,0,0,0,0
0,0,0,0,0,0,0,0,0,0,0,0,0,0,0,0
0,0,0,0,0,0,0,0,0,0,0,0,0,0,0,0
0,0,0,0,0,0,0,0,0,0,0,0,0,0,0,0
0,0,0,0,0,0,0,0,0,0,0,0,0,0,0,0
0,0,0,0,0,0,0,0,0,0,0,0,0,0,0,0
0,0,0,0,0,0,0,0,0,0,0,0,0,0,0,0
0,0,0,0,0,0,0,0,0,0,0,0,0,0,0,0
0,0,0,0,0,0,0,0,0,0,0,0,0,0,0,0
0,0,0,0,0,0,0,0,0,0,0,0,0,0,0,0
0,0,0,0,0,0,0,0,0,0,0,0,0,0,1,0
0,0,0,0,0,0,0,0,0,0,0,0,0,0,1,0
0,0,0,0,0,0,0,0,0,0,0,0,0,0,1,0
0,0,0,0,0,0,0,0,0,0,0,0,0,0,1,0
0,0,0,0,0,0,0,0,0,0,0,0,0,0,1,0
0,0,0,0,0,0,0,0,0,0,0,0,0,0,0,0
0,0,0,0,0,0,0,0,0,0,0,0,0,0,0,0
0,0,0,0,0,0,0,0,0,0,0,0,0,0,0,0
0,0,0,0,0,0,0,0,0,0,0,0,0,0,0,0
0,0,0,0,0,0,0,0,0,0,0,0,0,0,0,0
0,0,0,0,0,0,0,0,0,0,0,0,0,0,0,0
0,0,0,0,0,0,0,0,0,0,0,0,0,0,0,0
0,0,0,0,0,0,0,0,0,0,0,0,0,0,0,0
0,0,0,0,0,0,0,0,0,0,0,0,0,0,0,0
0,0,0,0,0,0,0,0,0,0,0,0,0,0,0,0
0,0,0,0,0,0,0,0,0,0,0,0,0,0,0,0
0,0,0,0,0,0,0,0,0,0,0,0,0,0,0,0
0,0,0,0,0,0,0,0,0,0,0,0,0,0,0,0
0,0,0,0,0,0,0,0,0,0,0,0,0,0,0,0
0,0,0,0,0,0,0,0,0,0,0,0,0,0,0,0
0,0,0,0,0,0,0,0,0,0,0,0,0,0,0,0
0,0,0,0,0,0,0,0,0,0,0,0,0,0,0,0
0,0,0,0,0,0,0,0,0,0,0,0,0,0,0,0
0,0,0,0,0,0,0,0,0,0,0,0,0,0,0,0
0,0,0,0,0,0,0,0,0,0,0,0,0,0,0,0
0,0,0,0,0,0,0,0,0,0,0,0,0,0,0,0
0,0,0,0,0,0,0,0,0,0,0,0,0,0,0,0
0,0,0,0,0,0,0,0,0,0,0,0,0,0,0,0
0,0,0,0,0,0,0,0,0,0,0,0,0,0,0,0
0,0,0,0,0,0,0,0,0,0,0,0,0,0,0,0
0,0,0,0,0,0,0,0,0,0,0,0,0,0,1,0
0,0,0,0,0,0,0,0,0,0,0,0,0,0,1,0
0,0,0,0,0,0,0,0,0,0,0,0,0,0,1,0
0,0,0,0,0,0,0,0,0,0,0,0,0,0,1,0
0,0,0,0,0,0,0,0,0,0,0,0,0,0,1,0
